Sr. No.,Patient_name,Issue,Disk Name
1,Aaramaji Radhakrishna Jain 7850,No Content,Disk2_(Priya)
2,Abasaheb Shinde 8346,No Content,Disk2_(Priya)
3,Abdul Jabbar Shaikh 10069,No Content,Disk2_(Priya)
4,Abhay C. Kulkarni 9950,No Content,Disk2_(Priya)
5,Abhay Punewar 7515,No Content,Disk2_(Priya)
6,Abhijit Bhaurao Patil 7704,No Content,Disk2_(Priya)
7,Abhijit Dilip Shipure 9931,No Content,Disk2_(Priya)
8,Abhijit Honrao 7514,No Content,Disk2_(Priya)
9,Abhijit Kashid 7735,No Content,Disk2_(Priya)
10,Abhijit Nakul Sonje 12241,No Content,Disk2_(Priya)
11,Abhijit Pingale 7882,No Content,Disk2_(Priya)
12,Abhijit Salgalkar 8204,No Content,Disk2_(Priya)
13,Abhijit Subhash Jambhulkar 6927,No Content,Disk2_(Priya)
14,Abhiman Ravan Patil 7612,No Content,Disk2_(Priya)
15,Abhjit Manakar  7086,No Content,Disk2_(Priya)
16,Adi Dehspande 10118,No Content,Disk2_(Priya)
17,Aditi Yuaraj Dhorade  7033,No Content,Disk2_(Priya)
18,Adoksha Suryavanshi 7568,No Content,Disk2_(Priya)
19,Ahemad Sheikh  6765,No Content,Disk2_(Priya)
20,Aishwarya Navnath Dandekar  7214,No Content,Disk2_(Priya)
21,Ajay Bhide 8103,No Content,Disk2_(Priya)
22,Ajay M. Kshisagar 9944,No Content,Disk2_(Priya)
23,Ajay Navghare 8168,No Content,Disk2_(Priya)
24,Ajay Yadav  7428,No Content,Disk2_(Priya)
25,Ajij Ganihai Kazi  7194,No Content,Disk2_(Priya)
26,Ajinkay Gaikawad 7085,No Content,Disk2_(Priya)
27,Ajinkya Kulkarni 8147,No Content,Disk2_(Priya)
28,Ajit Arun Gole 7709,No Content,Disk2_(Priya)
29,Ajit Manik Mulik 10195,No Content,Disk2_(Priya)
30,Ajit Prasad 7513,No Content,Disk2_(Priya)
31,Akaram Sadamate 7974,No Content,Disk2_(Priya)
32,Akash Durafe 7096,No Content,Disk2_(Priya)
33,Akashay Chaudhari 7535,No Content,Disk2_(Priya)
34,Akshada Paygude  9472,No Content,Disk2_(Priya)
35,Akshat Thakur 7632,No Content,Disk2_(Priya)
36,Akshay  Raskar 7569,No Content,Disk2_(Priya)
37,Akshay Krishna Soundekar4511,No Content,Disk2_(Priya)
38,Akshay Modak 7644,No Content,Disk2_(Priya)
39,Akshya Hanamantarao Gule 7248,No Content,Disk2_(Priya)
40,Allwin Anthony Das  12675,No Content,Disk2_(Priya)
41,Altaf Shaikh 7563 B,No Content,Disk2_(Priya)
42,Ambuja Iranna [Girush] Kumbhar 7198,No Content,Disk2_(Priya)
43,Amerash Deshpande 10006,No Content,Disk2_(Priya)
44,Amey Avinash Doiphonde 10192,No Content,Disk2_(Priya)
45,Ameya Anirudha Joshi  7188,No Content,Disk2_(Priya)
46,Amit Ashok Belhekar 6858,No Content,Disk2_(Priya)
47,Amit Ashok Pawar  7308,No Content,Disk2_(Priya)
48,Amit Bansali 7591,No Content,Disk2_(Priya)
49,Amit Gharate 7706,No Content,Disk2_(Priya)
50,Amit Ghodekar 7129,No Content,Disk2_(Priya)
51,Amit J. Jaidiya 9969,No Content,Disk2_(Priya)
52,Amit Swaminanthan 7761,No Content,Disk2_(Priya)
53,Amod Kondu 10189,No Content,Disk2_(Priya)
54,Amol  Tekkale  6780,No Content,Disk2_(Priya)
55,Amol Gawale 8238,No Content,Disk2_(Priya)
56,Amol Goriwale  6803,No Content,Disk2_(Priya)
57,Amol Kanvinde 8072,No Content,Disk2_(Priya)
58,Amol Konde 7090,No Content,Disk2_(Priya)
59,Amol Naresh Mangalkar 7863,No Content,Disk2_(Priya)
60,Amol Nimabalkar 8284,No Content,Disk2_(Priya)
61,Amol Ramkrushan Bhujabal 10126,No Content,Disk2_(Priya)
62,Amrita Pokarana 10147,No Content,Disk2_(Priya)
63,Anand Joshi 7566,No Content,Disk2_(Priya)
64,Anand Kongo 7064,No Content,Disk2_(Priya)
65,Anand Majgaonlkar 8475,No Content,Disk2_(Priya)
66,Anant Khedakar  7092,No Content,Disk2_(Priya)
67,Anant Soman  7390,No Content,Disk2_(Priya)
68,Anant Tandle 9912,No Content,Disk2_(Priya)
69,Angita Badade 7101,No Content,Disk2_(Priya)
70,Aniket Parakhe 7404,No Content,Disk2_(Priya)
71,Anil Aher 7323,No Content,Disk2_(Priya)
72,Anil Atmaram Patil 10214,No Content,Disk2_(Priya)
73,Anil Badmore 6762B,No Content,Disk2_(Priya)
74,Anil Bhat 7968,No Content,Disk2_(Priya)
75,Anil Bhausaheb Marathe  12925,No Content,Disk2_(Priya)
76,Anil D. Deshmukh 10363,No Content,Disk2_(Priya)
77,Anil Dattatray Fanase 7819,No Content,Disk2_(Priya)
78,Anil Gangadhar Mungale 7315,No Content,Disk2_(Priya)
79,Anil Jayaram Devkar 10091,No Content,Disk2_(Priya)
80,Anil Lala Thombare 7845,No Content,Disk2_(Priya)
81,Anil Pol  7001,No Content,Disk2_(Priya)
82,Anil Vyanketesh Nadgunde 7156,No Content,Disk2_(Priya)
83,Anish kalabhor 8356,No Content,Disk2_(Priya)
84,Anita Chaskar 7719,No Content,Disk2_(Priya)
85,Anita Rathod  7154,No Content,Disk2_(Priya)
86,Anita Sandeep Chaware 6751,No Content,Disk2_(Priya)
87,Anjali Kapase 6868,No Content,Disk2_(Priya)
88,Anjali Rote  7422,No Content,Disk2_(Priya)
89,Anjana Govind Tanapure 8454,No Content,Disk2_(Priya)
90,Anjana Mathe 7695,No Content,Disk2_(Priya)
91,Anjana Sopan Pathare  7208,No Content,Disk2_(Priya)
92,Anju S. Sarakate 10033,No Content,Disk2_(Priya)
93,Ankush Kisan Dighe 7635,No Content,Disk2_(Priya)
94,Ankush Vithal Kolate 8232,No Content,Disk2_(Priya)
95,AnkushTapkir 8212,No Content,Disk2_(Priya)
96,Anupama Satish Sinafal 7886,No Content,Disk2_(Priya)
97,Anuradha Chauhan 7420 A,No Content,Disk2_(Priya)
98,Anuradha Ganesh Kurhade 10131,No Content,Disk2_(Priya)
99,Anusaya B. Ramgade 10207,No Content,Disk2_(Priya)
100,Anushka Nerakar 6944,No Content,Disk2_(Priya)
101,Anushri Khairnar 7724,No Content,Disk2_(Priya)
102,Aparna D. Kawade 10393,No Content,Disk2_(Priya)
103,Aparna Machindra Arde 8002,No Content,Disk2_(Priya)
104,Apoorva A. Sane 10727,No Content,Disk2_(Priya)
105,Apoorva Abhay Joshi 8150,No Content,Disk2_(Priya)
106,Appa Vedu Patil,No Content,Disk2_(Priya)
107,Archana  Keshav Tirkamthe 10093,No Content,Disk2_(Priya)
108,Archana Wadekar  7098,No Content,Disk2_(Priya)
109,Arti Anand Bhilawade 7503,No Content,Disk2_(Priya)
110,Arti Kambale 7251,No Content,Disk2_(Priya)
111,Arti Tiwari 7839,No Content,Disk2_(Priya)
112,Arun Gaikwad 7530,No Content,Disk2_(Priya)
113,Arun Keni 7938,No Content,Disk2_(Priya)
114,Arun Kumar 8177 B,No Content,Disk2_(Priya)
115,Arun Mudaliyar 6834,No Content,Disk2_(Priya)
116,Arun R. Bhopale 9859,No Content,Disk2_(Priya)
117,Arun Tulashiram Karkate 10127,No Content,Disk2_(Priya)
118,Arun Upadhye 7815,No Content,Disk2_(Priya)
119,Aruna Gedam 8107,No Content,Disk2_(Priya)
120,Aruna Narayan Yewale 7784,No Content,Disk2_(Priya)
121,Arvind Bapurao Patil 10184,No Content,Disk2_(Priya)
122,Arvind Lambe 8470,No Content,Disk2_(Priya)
123,Arvind Manikarao Sonawane  7570,No Content,Disk2_(Priya)
124,Arvind Shivram Khare 7480 A,No Content,Disk2_(Priya)
125,Asabe Ganesh Changadeo 7679,No Content,Disk2_(Priya)
126,Asha Bharat Lakhe 10081,No Content,Disk2_(Priya)
127,Asha Brid 7619,No Content,Disk2_(Priya)
128,Asha Dodia 7937,No Content,Disk2_(Priya)
129,Asha Shrivastav 10075,No Content,Disk2_(Priya)
130,Asha Tapkir 7927,No Content,Disk2_(Priya)
131,Ashish Krupa  6966,No Content,Disk2_(Priya)
132,Ashish S. Javanjal 11293,No Content,Disk2_(Priya)
133,Ashiwini Ashok Pawar 7754,No Content,Disk2_(Priya)
134,Ashok Avadheshwar Pathak 8140,No Content,Disk2_(Priya)
135,Ashok Baraku Jadhav 8154,No Content,Disk2_(Priya)
136,Ashok Bhujang Bhosale 6915,No Content,Disk2_(Priya)
137,Ashok Govind Ainapure 8205,No Content,Disk2_(Priya)
138,Ashok Kate 7423,No Content,Disk2_(Priya)
139,Ashok Madhavarao Morey 6766,No Content,Disk2_(Priya)
140,Ashok Narayan Sawant 7512,No Content,Disk2_(Priya)
141,Ashok Patadiya 7494,No Content,Disk2_(Priya)
142,Ashok Pharate 7311,No Content,Disk2_(Priya)
143,Ashok Ramchandra Gorde 7527,No Content,Disk2_(Priya)
144,Ashok Sadshiv Zanzali  7015,No Content,Disk2_(Priya)
145,Ashok Sagam Jagatap 10298,No Content,Disk2_(Priya)
146,Ashok Shankar Bhosale 7109,No Content,Disk2_(Priya)
147,Ashok Sonawane  7151,No Content,Disk2_(Priya)
148,Ashpak Shaikh 10329,No Content,Disk2_(Priya)
149,Ashwini Gaddam 10032,No Content,Disk2_(Priya)
150,Ashwini Kamalakar Kale 8219,No Content,Disk2_(Priya)
151,Ashwini Santosh Bhalerao 7062,No Content,Disk2_(Priya)
152,Atmaram Waman Borase 7744,No Content,Disk2_(Priya)
153,Atul Gautam 10217,No Content,Disk2_(Priya)
154,Atul Govind Vaidya 10055,No Content,Disk2_(Priya)
155,Atul Kulkarni 7891,No Content,Disk2_(Priya)
156,Atul R. Junnarkar 10421 8387,No Content,Disk2_(Priya)
157,Avadhut Vyakatesh Fadanis  6938,No Content,Disk2_(Priya)
158,Avinash Diwakar Gaikwad 7881,No Content,Disk2_(Priya)
159,Avinash Hode  7145,No Content,Disk2_(Priya)
160,Avinash Pralhad  Deshpande 6753,No Content,Disk2_(Priya)
161,Avinasha Bansidhar Bangar 7473,No Content,Disk2_(Priya)
162,Ayesha 7349,No Content,Disk2_(Priya)
163,Ayesha Ballganoor 8187,No Content,Disk2_(Priya)
164,Ayub Dange 7900,No Content,Disk2_(Priya)
165,Babaji Aba Gawade 7775,No Content,Disk2_(Priya)
166,Baban Dharmraj Kadam 6961,No Content,Disk2_(Priya)
167,Baban Rama Thorat 7216,No Content,Disk2_(Priya)
168,Baban Sitaram Korhali 6864,No Content,Disk2_(Priya)
169,Babasaheb Shesharaoji fule 10365,No Content,Disk2_(Priya)
170,Babita Khushwaha 11871,No Content,Disk2_(Priya)
171,Babula G Bhoi 7848,No Content,Disk2_(Priya)
172,Baburao Vithoba Dasde 6927B,No Content,Disk2_(Priya)
173,Bajirao Dattatray Kamathe 8070,No Content,Disk2_(Priya)
174,Balachandra Ramachandra Kulkarni 7392,No Content,Disk2_(Priya)
175,Balaji Ramarao Deshmukha 8025,No Content,Disk2_(Priya)
176,Balaji Tukaram Gangekar 12242,No Content,Disk2_(Priya)
177,Balaji Vattewar 7925,No Content,Disk2_(Priya)
178,Balasaheb Janaba Chavare 10128,No Content,Disk2_(Priya)
179,Balasaheb Karkhile 7313,No Content,Disk2_(Priya)
180,Balasaheb Namdeo Jadhav 7749,No Content,Disk2_(Priya)
181,Balasaheb Shaikh 8061,No Content,Disk2_(Priya)
182,Balchand Kukreja 7773,No Content,Disk2_(Priya)
183,Balchand Purbhaji Bhole 10095,No Content,Disk2_(Priya)
184,Balkrushna Raghunath Bhilawadikar 8424,No Content,Disk2_(Priya)
185,Balu Baburao Dube 8042,No Content,Disk2_(Priya)
186,Balu Damodar Bhandare  7219,No Content,Disk2_(Priya)
187,Balu Govind Zipare 6860,No Content,Disk2_(Priya)
188,Balwant Patil 7952,No Content,Disk2_(Priya)
189,Bapu Eknath Liman  8526,No Content,Disk2_(Priya)
190,Bapurao Dhondiba Malkar 7692,No Content,Disk2_(Priya)
191,Bapurao Krishnaji Gaikwad 8122,No Content,Disk2_(Priya)
192,Bashir A. Tamboli 10401,No Content,Disk2_(Priya)
193,Bhagat Singh 7976,No Content,Disk2_(Priya)
194,Bhagayshri Gadade 8038,No Content,Disk2_(Priya)
195,Bhagyashri Tushar Khilare 7690,No Content,Disk2_(Priya)
196,Bhaidas Shankar Patil 8636,No Content,Disk2_(Priya)
197,Bhakti Prashant Kadam 7458,No Content,Disk2_(Priya)
198,Bhalachandra Aryamane 7793,No Content,Disk2_(Priya)
199,Bharat Chaudhari 7630 B,No Content,Disk2_(Priya)
200,Bharat Jagnath Rathi 6788,No Content,Disk2_(Priya)
201,Bharat Jethithor  7417,No Content,Disk2_(Priya)
202,Bharatbhushan T. Gawade 8034,No Content,Disk2_(Priya)
203,Bharati Dipak Vani  12538,No Content,Disk2_(Priya)
204,Bhausaheb Deshmukh 11127,No Content,Disk2_(Priya)
205,Bhausaheb Gangadhar Shinde  12903,No Content,Disk2_(Priya)
206,Bhausaheb Govind Mane 7894,No Content,Disk2_(Priya)
207,Bhikaji Raghunath Bhokar 7330,No Content,Disk2_(Priya)
208,Bhimarao Bapurao Rodak 8416,No Content,Disk2_(Priya)
209,Bhimarao Malhari Khade 10384,No Content,Disk2_(Priya)
210,Bhivsen Bhonjiba Thore 7347,No Content,Disk2_(Priya)
211,Bhushan Rathod 7489,No Content,Disk2_(Priya)
212,Bhushan Shah 7993,No Content,Disk2_(Priya)
213,Bhushan Tiwar  6995,No Content,Disk2_(Priya)
214,Binay Kumar 7713,No Content,Disk2_(Priya)
215,Bindu Ravindra Kulkarni 6855,No Content,Disk2_(Priya)
216,Binu Thumpi  6787 B,No Content,Disk2_(Priya)
217,Bsawaraj Swami 7466,No Content,Disk2_(Priya)
218,Chandprtsing Ranajitsing Ahatuwalia  6919,No Content,Disk2_(Priya)
219,Chandrabhan Gendeo Aglave 7500,No Content,Disk2_(Priya)
220,Chandrakant  Atmaram Lohar 6909,No Content,Disk2_(Priya)
221,Chandrakant Ahire 6959,No Content,Disk2_(Priya)
222,Chandrakant Baban Bhagat 10257,No Content,Disk2_(Priya)
223,Chandrakant Babanarao  Kale 7748,No Content,Disk2_(Priya)
224,Chandrakant Bada 7828,No Content,Disk2_(Priya)
225,Chandrakant Bhatu Bahalkar 10064,No Content,Disk2_(Priya)
226,Chandrakant Brid 7620,No Content,Disk2_(Priya)
227,Chandrakant Deoram Landage  7112,No Content,Disk2_(Priya)
228,Chandrakant Dhumal 7594 B,No Content,Disk2_(Priya)
229,Chandrakant Kashinath Dewale 10321,No Content,Disk2_(Priya)
230,Chandrakant Magar 7517,No Content,Disk2_(Priya)
231,Chandrakant Shivram Tharkude 7921,No Content,Disk2_(Priya)
232,Chandrakant Tukaram Pawar 10256,No Content,Disk2_(Priya)
233,Chandrakant Vadave 6976,No Content,Disk2_(Priya)
234,Chandrakant Vishnu Jagtap  7177,No Content,Disk2_(Priya)
235,Chandrakant Vtthal Jogawade 8417,No Content,Disk2_(Priya)
236,Chandrashekhar M. Devkar,No Content,Disk2_(Priya)
237,Chandrashekhar Shivaji Shinde 10360,No Content,Disk2_(Priya)
238,Charushila Rathod 8357,No Content,Disk2_(Priya)
239,Chetam M. Panse 10457,No Content,Disk2_(Priya)
240,Chetan Rajguru 7225,No Content,Disk2_(Priya)
241,Chetan Ramesh Sonje  6743,No Content,Disk2_(Priya)
242,Chetan Rawal 6850,No Content,Disk2_(Priya)
243,Chhagan Jagannath Khalate 7429 B,No Content,Disk2_(Priya)
244,Chhaganlal Bhagwanchan Jain  7411,No Content,Disk2_(Priya)
245,Chhaya Kashinath Jadhav  7171,No Content,Disk2_(Priya)
246,Chhaya Satish Salunkhe 7080,No Content,Disk2_(Priya)
247,Chimananath Bhaunath Jadhav 8176,No Content,Disk2_(Priya)
248,Chintamani Uttamrao Ahire 7441,No Content,Disk2_(Priya)
249,Clarence Gonsalvez 10005,No Content,Disk2_(Priya)
250,Dadaji Yashwant Ahire 8302,No Content,Disk2_(Priya)
251,Dadasaheb Sakunde  7130,No Content,Disk2_(Priya)
252,Dadi Vishni Ananad 8179,No Content,Disk2_(Priya)
253,Dadu Madhukar Ujagare  7332,No Content,Disk2_(Priya)
254,Dagadu Mahadev Jadhav 9938,No Content,Disk2_(Priya)
255,Darshit Soni  7449,No Content,Disk2_(Priya)
256,Dattatray Jakira Jadhav 6953,No Content,Disk2_(Priya)
257,Dattatray Narayan Remane 8291,No Content,Disk2_(Priya)
258,Dattatray Patil 7939,No Content,Disk2_(Priya)
259,Dattatray Raghunath Kanchan 10148,No Content,Disk2_(Priya)
260,Dattatray Shinde 7317,No Content,Disk2_(Priya)
261,Dattatray krushanaji  Gaware 8245,No Content,Disk2_(Priya)
262,David Yadavrao Gaikwad  Pune,No Content,Disk2_(Priya)
263,Dayaneshawar Kamble 7643,No Content,Disk2_(Priya)
264,Deepak Bhikaji Bhadarge  7221,No Content,Disk2_(Priya)
265,Deepak Bhopatkar 7464,No Content,Disk2_(Priya)
266,Deepak Deshpande 7252 B,No Content,Disk2_(Priya)
267,Deepak K. Salve 10938,No Content,Disk2_(Priya)
268,Deepak Sengar  7336,No Content,Disk2_(Priya)
269,Deepak Shinde 7100,No Content,Disk2_(Priya)
270,Deepak Sopan Mankar 7674,No Content,Disk2_(Priya)
271,Deepali Gabur  12796,No Content,Disk2_(Priya)
272,Deepali Vyawahare 7912,No Content,Disk2_(Priya)
273,Deepika Dagdu Shinde 7075,No Content,Disk2_(Priya)
274,Deoram Adhari 8415,No Content,Disk2_(Priya)
275,Desha Kaul 7715,No Content,Disk2_(Priya)
276,Devayani Bhise 10300,No Content,Disk2_(Priya)
277,Deven Sharad Kashirasagar 10155,No Content,Disk2_(Priya)
278,Devendra Digambar Sahasraduddhe 7094,No Content,Disk2_(Priya)
279,Devendra Diwakar Lund 7187,No Content,Disk2_(Priya)
280,Devidas Manmath Gatade 10205,No Content,Disk2_(Priya)
281,Devidas Ramchndra Naik 8486,No Content,Disk2_(Priya)
282,Devidas Uddhavarao Zilhawar 8116,No Content,Disk2_(Priya)
283,Dhanajay Damodar Payagude 7733,No Content,Disk2_(Priya)
284,Dhananjay Jadhav 9709,No Content,Disk2_(Priya)
285,Dhananjay Laxman Pawar 10241,No Content,Disk2_(Priya)
286,Dhanaraj Biradar 8171,No Content,Disk2_(Priya)
287,Dhanesh Jain 7673,No Content,Disk2_(Priya)
288,Dhanraj R. Dangi 10420,No Content,Disk2_(Priya)
289,Dhanraj Rodge 10163,No Content,Disk2_(Priya)
290,Dhawal Deepak Vispute 7855,No Content,Disk2_(Priya)
291,Dhondiba Kondiba Kadam 8172,No Content,Disk2_(Priya)
292,Dhundhiraj Vithal Kulkarni 8469,No Content,Disk2_(Priya)
293,Digvijay P. Jadhav 10299,No Content,Disk2_(Priya)
294,Dilip Damodar Jorwekar 6789,No Content,Disk2_(Priya)
295,Dilip Dattatray Erande 7254,No Content,Disk2_(Priya)
296,Dilip Deoram Salunke 7856,No Content,Disk2_(Priya)
297,Dilip Devidas Yewale  7105,No Content,Disk2_(Priya)
298,Dilip Madhukar Pagare 7509,No Content,Disk2_(Priya)
299,Dilip Madhukar Rasal 7803,No Content,Disk2_(Priya)
300,Dilip Pratap Patil 10316,No Content,Disk2_(Priya)
301,Dilip Vithalrao Sadeshapande  6917,No Content,Disk2_(Priya)
302,Dinesh Brid 7621,No Content,Disk2_(Priya)
303,Dinesh Devkar 7246,No Content,Disk2_(Priya)
304,Dinesh Pujari  7193,No Content,Disk2_(Priya)
305,Dinesh Sadija 7892,No Content,Disk2_(Priya)
306,Dipati More  8654,No Content,Disk2_(Priya)
307,Dipti  Anil Bagul 10229,No Content,Disk2_(Priya)
308,Dipti Vishwanath Deshpande  7255,No Content,Disk2_(Priya)
309,Dlip Baburao Balawadkar 7012,No Content,Disk2_(Priya)
310,Dnyaneshwar Ahire 7799,No Content,Disk2_(Priya)
311,Dr. Rupali U. Thakare 10456,No Content,Disk2_(Priya)
312,Duyaneshwar Patange 7218,No Content,Disk2_(Priya)
313,Dyaneshwar Khandale 7876,No Content,Disk2_(Priya)
314,Dyavappa  A. Biradar 10100,No Content,Disk2_(Priya)
315,Eisha Bhide 10248,No Content,Disk2_(Priya)
316,Eknath Jayawant Jagatap 10020,No Content,Disk2_(Priya)
317,Eknath Nanabhau Sakore 6958,No Content,Disk2_(Priya)
318,Eknath Rakesh  Bendale,No Content,Disk2_(Priya)
319,Firdosh P. Press 10188,No Content,Disk2_(Priya)
320,Gajajan Walhe 8289,No Content,Disk2_(Priya)
321,Gajajana Nivruti Harihar 7459,No Content,Disk2_(Priya)
322,Gajajnan Babade 7544,No Content,Disk2_(Priya)
323,Gajajnan Shankar Dhede 7282,No Content,Disk2_(Priya)
324,Gajanan Mahadeo Magar  6941,No Content,Disk2_(Priya)
325,Gajanan VinayankraoJawanjal 7552,No Content,Disk2_(Priya)
326,Gajendra Rajendra Puri 7762,No Content,Disk2_(Priya)
327,Ganapat Raghunath Chavan 10387,No Content,Disk2_(Priya)
328,Ganapat Ramachandra Marane 6822,No Content,Disk2_(Priya)
329,Ganesh Gangadhar Medhe 7920,No Content,Disk2_(Priya)
330,Ganesh Krishna Gule 7697,No Content,Disk2_(Priya)
331,Ganesh Marotarao Kadam 7470,No Content,Disk2_(Priya)
332,Ganesh Rajopadhyay 7528,No Content,Disk2_(Priya)
333,Ganesh Salukhe 7124,No Content,Disk2_(Priya)
334,Ganesh Shrikant Mahajan 7103,No Content,Disk2_(Priya)
335,Ganesh Subhash Shelake 7694,No Content,Disk2_(Priya)
336,Ganesh Tanaji Rokade 8015,No Content,Disk2_(Priya)
337,Ganesh Vishwasrao Deshmukh 8515,No Content,Disk2_(Priya)
338,Gangaprasad Pande 8081,No Content,Disk2_(Priya)
339,Gauri Kasegaonkar 7623,No Content,Disk2_(Priya)
340,Gauri M. Soman 10424,No Content,Disk2_(Priya)
341,Gauri S. Joshi 11419,No Content,Disk2_(Priya)
342,Gautam Prabhakar Bhagwat 6746,No Content,Disk2_(Priya)
343,Ghanshyam Shekokar 10400,No Content,Disk2_(Priya)
344,Girish Muralidhar Patil 10185,No Content,Disk2_(Priya)
345,Gitanjali Bakshi 8860,No Content,Disk2_(Priya)
346,Gitanjali Nerakar 6885,No Content,Disk2_(Priya)
347,Gopal  Pentewar 7377,No Content,Disk2_(Priya)
348,Gopal Bhimacharya Galgale  7357,No Content,Disk2_(Priya)
349,Gopal Dadu Todkar 8411,No Content,Disk2_(Priya)
350,Govind Gangadhar Kharote 7511,No Content,Disk2_(Priya)
351,Gulanz Anwar Mishtri 10375,No Content,Disk2_(Priya)
352,Guneet Singh  7238,No Content,Disk2_(Priya)
353,Gunjan Goraksha  Kshirsagar 7680,No Content,Disk2_(Priya)
354,Hanan Hussain Binkardas 9724,No Content,Disk2_(Priya)
355,Hanumant B. Memane 10171,No Content,Disk2_(Priya)
356,Hanumant Nagesh Dange 7436,No Content,Disk2_(Priya)
357,Hari Gotiram Pagar 7576,No Content,Disk2_(Priya)
358,Harichand Asalkar 6794,No Content,Disk2_(Priya)
359,Harshal Rajkumar Chavan 7701,No Content,Disk2_(Priya)
360,Hasan Junnaid  7348,No Content,Disk2_(Priya)
361,Hemalata Patole 7755,No Content,Disk2_(Priya)
362,Hemant Mokal 7911,No Content,Disk2_(Priya)
363,Hiraman Ramachandra Khamkar  7227,No Content,Disk2_(Priya)
364,Indumali Shivaji Karmathe 6859,No Content,Disk2_(Priya)
365,Indumati R. Khandelwal 10211,No Content,Disk2_(Priya)
366,Iquabal Aga 6764 A,No Content,Disk2_(Priya)
367,Iranna Sidramappa Kumbhar  7197,No Content,Disk2_(Priya)
368,Ishawar laxman Chaudhari 10224,No Content,Disk2_(Priya)
369,Jagadipsing S. Rawat 8513,No Content,Disk2_(Priya)
370,Jagadish Dattatray Petakar 7013,No Content,Disk2_(Priya)
371,Jagan Gunjal Khandu 7851,No Content,Disk2_(Priya)
372,Jaganath Joshi  7295,No Content,Disk2_(Priya)
373,Jaganath Laxman Chede 7501 B,No Content,Disk2_(Priya)
374,Jagannath Nigal 7574,No Content,Disk2_(Priya)
375,Jagdish Prakash Parse 8371,No Content,Disk2_(Priya)
376,Jaibai Das Patole 7403,No Content,Disk2_(Priya)
377,Jaladar Bhosale 8170,No Content,Disk2_(Priya)
378,Janhavi Ratnakar Chaware 8017,No Content,Disk2_(Priya)
379,Jay Bhanpel 8130,No Content,Disk2_(Priya)
380,Jayant Korade 10170,No Content,Disk2_(Priya)
381,Jayant Marathe 10024,No Content,Disk2_(Priya)
382,Jaykumar t. Patil 10225,No Content,Disk2_(Priya)
383,Jaymala J Sonone  12539,No Content,Disk2_(Priya)
384,Jayram Vithoba Ubhedal  12677,No Content,Disk2_(Priya)
385,Jayshree K. Vaidya  11889,No Content,Disk2_(Priya)
386,Jayshri  Raut  7385,No Content,Disk2_(Priya)
387,Jayshri Chandrakant Godale 7869,No Content,Disk2_(Priya)
388,Jayshri Sunil Kothare 8021,No Content,Disk2_(Priya)
389,Jaywant Kokare 7602,No Content,Disk2_(Priya)
390,Jitendra Mehata  6799,No Content,Disk2_(Priya)
391,Jitendra Raghunath Amrute 10346,No Content,Disk2_(Priya)
392,Jitendra S Misal 6727,No Content,Disk2_(Priya)
393,Jitendra Shrikrishna Kulkarni,No Content,Disk2_(Priya)
394,Jui Sunil Gaoli 6804,No Content,Disk2_(Priya)
395,Jungnun Chang 7083,No Content,Disk2_(Priya)
396,Jyoti Deepak Mogade 7997,No Content,Disk2_(Priya)
397,Jyoti Mahant 6844,No Content,Disk2_(Priya)
398,Jyoti Modak 7042,No Content,Disk2_(Priya)
399,Jyoti Vilasrao Gaikwad 10510,No Content,Disk2_(Priya)
400,Jyotsana Joshi 7868,No Content,Disk2_(Priya)
401,K. C. Tambile 10038,No Content,Disk2_(Priya)
402,Kailas Ravaji Pawar 8209,No Content,Disk2_(Priya)
403,Kailas Sharad Rane 10209,No Content,Disk2_(Priya)
404,Kailas Suryabhan Gadakh 7120,No Content,Disk2_(Priya)
405,Kalim Ahemad  6816,No Content,Disk2_(Priya)
406,Kalindi Pramod Khisti 9935,No Content,Disk2_(Priya)
407,Kalpak Balasubramaniam 7923,No Content,Disk2_(Priya)
408,Kalpana  R. Nandgaonkar 10102,No Content,Disk2_(Priya)
409,Kalpana G. Jagtiani 10004,No Content,Disk2_(Priya)
410,Kalpana M Baravakar 6710,No Content,Disk2_(Priya)
411,Kalpanan Laneesh 8256,No Content,Disk2_(Priya)
412,Kaluram Shankar More,No Content,Disk2_(Priya)
413,Kalyan Bramaji Shinde 8327,No Content,Disk2_(Priya)
414,Kamlesh Kamble 8215,No Content,Disk2_(Priya)
415,Kanchan Sawant 7631,No Content,Disk2_(Priya)
416,Kanchan Shivaram Devdhar 8203,No Content,Disk2_(Priya)
417,Kanta Annasaheb Labhade 6838,No Content,Disk2_(Priya)
418,Kantilal Chatrabhuj Patani 7123,No Content,Disk2_(Priya)
419,Kantilal Jain  7072,No Content,Disk2_(Priya)
420,Kanuvakolanu T. Advithi 7834,No Content,Disk2_(Priya)
421,Kapil Mishtri 10286,No Content,Disk2_(Priya)
422,Kapil Vyas 11815,No Content,Disk2_(Priya)
423,Karamvir Chandrabhan Dhilod 7298,No Content,Disk2_(Priya)
424,Karan Anil Deore 7702,No Content,Disk2_(Priya)
425,Kashinath Moghaji Bhalekar 10079,No Content,Disk2_(Priya)
426,Kashitiji Pande 7050,No Content,Disk2_(Priya)
427,Kausalyabai Khandelwal 7837,No Content,Disk2_(Priya)
428,Kavita Badage  7226,No Content,Disk2_(Priya)
429,Kavita Jain 6908,No Content,Disk2_(Priya)
430,Kavita Masurkar 7818,No Content,Disk2_(Priya)
431,Kavita Sirana 8444,No Content,Disk2_(Priya)
432,Keshav Shankar Shinde 10222,No Content,Disk2_(Priya)
433,Keshavkumar Phutane  7360,No Content,Disk2_(Priya)
434,Ketan Nangare 8030,No Content,Disk2_(Priya)
435,Khadu Ananda Waje 7857,No Content,Disk2_(Priya)
436,Khatija Khan,No Content,Disk2_(Priya)
437,Khushabu Rohit Sharma 6783,No Content,Disk2_(Priya)
438,Kimaya Honaf 8051,No Content,Disk2_(Priya)
439,Kiran B Captan  6725,No Content,Disk2_(Priya)
440,Kiran Bhimrao Kambale 7068,No Content,Disk2_(Priya)
441,Kiran Durafe 7274,No Content,Disk2_(Priya)
442,Kiran Ghate 8528,No Content,Disk2_(Priya)
443,Kiran Gulab Shinde  7019,No Content,Disk2_(Priya)
444,Kiran Patheja 9012,No Content,Disk2_(Priya)
445,Kiran Patil 7919,No Content,Disk2_(Priya)
446,Kisan Damodar Darade 7374,No Content,Disk2_(Priya)
447,Kisan Sonwane 8133,No Content,Disk2_(Priya)
448,Kishor Balakrishna Shinde 8543,No Content,Disk2_(Priya)
449,Kishor Dattatray Bhagat 8393,No Content,Disk2_(Priya)
450,Kishor Madhukar Jadhav 7529,No Content,Disk2_(Priya)
451,Kishor Natthuram Shelar 10285,No Content,Disk2_(Priya)
452,Kishor Rana 7734,No Content,Disk2_(Priya)
453,Kishor Sadashiv Tembhare 8277,No Content,Disk2_(Priya)
454,Krishna Borate  6936,No Content,Disk2_(Priya)
455,Krishna Ganesh Rajput 7899,No Content,Disk2_(Priya)
456,Krishnarao Shankarao Gayate,No Content,Disk2_(Priya)
457,Kriti Nigam 7808,No Content,Disk2_(Priya)
458,Krushna Tambale 8251,No Content,Disk2_(Priya)
459,Krutika Dattatray Erande 7002,No Content,Disk2_(Priya)
460,Krutika Kale 8213,No Content,Disk2_(Priya)
461,Kudarkar mumbai,No Content,Disk2_(Priya)
462,Kumud Kae 7931,No Content,Disk2_(Priya)
463,Kunal S. Tarte 10001,No Content,Disk2_(Priya)
464,Kustas Anthony Paresa  7220,No Content,Disk2_(Priya)
465,Lakhamichad Kukareja  7287,No Content,Disk2_(Priya)
466,Lakhaptchand Loonkar 8430,No Content,Disk2_(Priya)
467,Lalchand Madhav Matai 8500,No Content,Disk2_(Priya)
468,Lalita Pasricha 7562,No Content,Disk2_(Priya)
469,Latabai Balu Khare 7946,No Content,Disk2_(Priya)
470,Laxman Ankush Kachare 10361,No Content,Disk2_(Priya)
471,Laxman Dashrath Nagpure 7583,No Content,Disk2_(Priya)
472,Laxmibai Gopalrao Pentwar 7521,No Content,Disk2_(Priya)
473,Leela Chandrakant Motgfhare 7132,No Content,Disk2_(Priya)
474,Leela Shahane 7159,No Content,Disk2_(Priya)
475,Leena Saungar  7059,No Content,Disk2_(Priya)
476,Llavi Sonakul 8228,No Content,Disk2_(Priya)
477,M.R.Sonawane  12849,No Content,Disk2_(Priya)
478,Madan Mohan Tiwari  7000,No Content,Disk2_(Priya)
479,Madhav R. Kulkarni 8189,No Content,Disk2_(Priya)
480,Madhav Rajanna Salawaru  7434,No Content,Disk2_(Priya)
481,Madhavi Sunil Ashtaputre 10034,No Content,Disk2_(Priya)
482,Madhru Devade 8448,No Content,Disk2_(Priya)
483,Madhukar Jabaji Mankar 7696,No Content,Disk2_(Priya)
484,Madhukar Kashinath Kulkarni 7862,No Content,Disk2_(Priya)
485,Madhukar Pawar PUNE,No Content,Disk2_(Priya)
486,Madhuri Bagad 7767,No Content,Disk2_(Priya)
487,Madhuri Bhanushali 7605,No Content,Disk2_(Priya)
488,Madhuri Shivaji Enila  7421,No Content,Disk2_(Priya)
489,Madhuri Vasant Bhave 8431,No Content,Disk2_(Priya)
490,Mahadeo Ghoman  7157,No Content,Disk2_(Priya)
491,Mahadeo Lalasaheb Pawar 7889,No Content,Disk2_(Priya)
492,Mahadev Gopinath Fadatare 7624,No Content,Disk2_(Priya)
493,Mahesh Aphale 8043,No Content,Disk2_(Priya)
494,Mahesh Balsubhramanyam  7358,No Content,Disk2_(Priya)
495,Mahesh Bhartiya 7455,No Content,Disk2_(Priya)
496,Mahesh Godkhindi 7342,No Content,Disk2_(Priya)
497,Mahesh Subhash Tungatkar 9855,No Content,Disk2_(Priya)
498,Mahesh Vaidhya 7487,No Content,Disk2_(Priya)
499,Mahommad Sheikh  6782,No Content,Disk2_(Priya)
500,Maksud Sayyad 7121,No Content,Disk2_(Priya)
501,Malati N. Shinde 11104,No Content,Disk2_(Priya)
502,Mallapa Baburao Vatare 7677,No Content,Disk2_(Priya)
503,Mamta Mukesh Lathi 6963,No Content,Disk2_(Priya)
504,Manadakini Dhere 6956,No Content,Disk2_(Priya)
505,Mandakini Kulkarni  7166,No Content,Disk2_(Priya)
506,Mandakini V. Gohad  12588,No Content,Disk2_(Priya)
507,Mandar Anil Karalekar 7880,No Content,Disk2_(Priya)
508,Mandar Dwarkaray 6873,No Content,Disk2_(Priya)
509,Mandar Shashikant Eklahare 7757,No Content,Disk2_(Priya)
510,Mangal Balasaheb Nevade 9964,No Content,Disk2_(Priya)
511,Mangal Bhosale 7588,No Content,Disk2_(Priya)
512,Mangal J. Nawale 11396,No Content,Disk2_(Priya)
513,Mangal Muralidhar Sakat 8381,No Content,Disk2_(Priya)
514,Mangal Ubhe 8267,No Content,Disk2_(Priya)
515,Mangala Pradhan 8181,No Content,Disk2_(Priya)
516,Manish Arun Shelar  7167,No Content,Disk2_(Priya)
517,Manish Bhagawan Khewalkar 10122,No Content,Disk2_(Priya)
518,Manisha M. Undre 10054,No Content,Disk2_(Priya)
519,Manisha Male 8654,No Content,Disk2_(Priya)
520,Manisha Mohan Mondkar 6891,No Content,Disk2_(Priya)
521,Manisha Yogesh Khairnar  7036,No Content,Disk2_(Priya)
522,Manjiri Dhananjay Hinge 8390,No Content,Disk2_(Priya)
523,Manjula Kiangi 8529,No Content,Disk2_(Priya)
524,Manjusha Hankar 7791,No Content,Disk2_(Priya)
525,Manjushri Mali 8308,No Content,Disk2_(Priya)
526,Mannat Arora 8177 C,No Content,Disk2_(Priya)
527,Manohar Shankararao Dupare 7378,No Content,Disk2_(Priya)
528,Manohar Thakare 7741,No Content,Disk2_(Priya)
529,Manoj Madhukar Arade 10258,No Content,Disk2_(Priya)
530,Manoj Mandake 7728,No Content,Disk2_(Priya)
531,Manoj Wadekar  7095,No Content,Disk2_(Priya)
532,Mansi D. Wadhawani 10078,No Content,Disk2_(Priya)
533,Mayak Lawania 8236,No Content,Disk2_(Priya)
534,Mayoor Vishwas Chandratre 7768,No Content,Disk2_(Priya)
535,Mayur Bendre 8202,No Content,Disk2_(Priya)
536,Mayur Maruti Khatate 7176,No Content,Disk2_(Priya)
537,Medha S. Deshamukh 10227,No Content,Disk2_(Priya)
538,Meena Pandya 8080,No Content,Disk2_(Priya)
539,Meenakshi Patil 7924,No Content,Disk2_(Priya)
540,Meera Pramod Raut 7586,No Content,Disk2_(Priya)
541,Meera Suresh Bagul 6537,No Content,Disk2_(Priya)
542,Milind Kanchan 7675,No Content,Disk2_(Priya)
543,Milind Mahadev Varde 9962,No Content,Disk2_(Priya)
544,Minu Bindal 7560,No Content,Disk2_(Priya)
545,Mitali Adashrao 12982,No Content,Disk2_(Priya)
546,Mohammad Matin  7210,No Content,Disk2_(Priya)
547,Mohammad Saad 9094,No Content,Disk2_(Priya)
548,Mohan Kunatkar 10940,No Content,Disk2_(Priya)
549,Mohan Mukund Savale 7525,No Content,Disk2_(Priya)
550,Mohan Patil 10242,No Content,Disk2_(Priya)
551,Mohan Shendakar 7540,No Content,Disk2_(Priya)
552,Mohit Dugar 7671 B,No Content,Disk2_(Priya)
553,Monika Chandra  7442,No Content,Disk2_(Priya)
554,Moreshwar Vishnu Bagul 7865,No Content,Disk2_(Priya)
555,Motilal  Jadhav  7625,No Content,Disk2_(Priya)
556,"Mrunlaini, Lele 8128",No Content,Disk2_(Priya)
557,Mukesh Mahadeo Malawade 7265,No Content,Disk2_(Priya)
558,Muktabai karmale 8368,No Content,Disk2_(Priya)
559,Mukund Mahabaleshwar 7244,No Content,Disk2_(Priya)
560,Munaf Sayyed 8507,No Content,Disk2_(Priya)
561,Munawarbana Pathan  7055,No Content,Disk2_(Priya)
562,Munna Sondakar 9995,No Content,Disk2_(Priya)
563,Muralidhar Vishnu More 8540,No Content,Disk2_(Priya)
564,Nachiket Inamdar 7765,No Content,Disk2_(Priya)
565,Nadakishor Sawarkar 7131,No Content,Disk2_(Priya)
566,Naeem Patel 7985,No Content,Disk2_(Priya)
567,Nafees Mirza 7102,No Content,Disk2_(Priya)
568,Nalini Ashok Bhawale 7750,No Content,Disk2_(Priya)
569,Namdeo Namaji Shirke 8087,No Content,Disk2_(Priya)
570,Namdeo Shankar Jadhav 7541,No Content,Disk2_(Priya)
571,Namita Singh 7518,No Content,Disk2_(Priya)
572,Nanda Balasaheb Bhoir 7634,No Content,Disk2_(Priya)
573,Nandakumar Kacharu 7367 B,No Content,Disk2_(Priya)
574,Nandkumar Doijad 7780,No Content,Disk2_(Priya)
575,Nandu Anant Malakondaiha  6791,No Content,Disk2_(Priya)
576,Nanubai Rajaram Wagh 7979,No Content,Disk2_(Priya)
577,Narayan Bale 7928,No Content,Disk2_(Priya)
578,Narayan G. Takalkar 10414,No Content,Disk2_(Priya)
579,Narayan Sarang Pawar 8175,No Content,Disk2_(Priya)
580,Narendra  Madhavrao Khorie  7035,No Content,Disk2_(Priya)
581,Narendra Ambadas Kulkarni 7610,No Content,Disk2_(Priya)
582,Naresh Solanki 7840,No Content,Disk2_(Priya)
583,Nasim Bhati 8496,No Content,Disk2_(Priya)
584,Nathu Nerakar 8524,No Content,Disk2_(Priya)
585,Natthu Nerakar 8524,No Content,Disk2_(Priya)
586,Nayana Dattatray Gujarathi  7236,No Content,Disk2_(Priya)
587,Neeta  Tulasi 10011,No Content,Disk2_(Priya)
588,Neha Joshi  7189,No Content,Disk2_(Priya)
589,Nehal Rathod 7461,No Content,Disk2_(Priya)
590,Netra Mahajan 7310,No Content,Disk2_(Priya)
591,Nikesh V. Mirkhale 10426,No Content,Disk2_(Priya)
592,Nikhil Joshi 10040,No Content,Disk2_(Priya)
593,Nikhil Pendase 10283,No Content,Disk2_(Priya)
594,Nilakant Dattatray Keshakar 7396,No Content,Disk2_(Priya)
595,Nilam Balasaheb Kalamkar 9923,No Content,Disk2_(Priya)
596,Nilesh G. Choure 10041,No Content,Disk2_(Priya)
597,Nilesh Megha  6993,No Content,Disk2_(Priya)
598,Nilesh Nilajagi 7813,No Content,Disk2_(Priya)
599,Nilesh Raikar 8130,No Content,Disk2_(Priya)
600,Nilofer Poonawal 8032,No Content,Disk2_(Priya)
601,Nimala Saxena 7970,No Content,Disk2_(Priya)
602,Ninad Shinde 8091 B,No Content,Disk2_(Priya)
603,Niraj Wadekar  6890,No Content,Disk2_(Priya)
604,Niral Chandra 6848,No Content,Disk2_(Priya)
605,Nisar Ahemad Badude 6954,No Content,Disk2_(Priya)
606,Nishant Pande 7195,No Content,Disk2_(Priya)
607,Nitesh Bhalerao 8088,No Content,Disk2_(Priya)
608,Nitin Narsing Sapsad 10213,No Content,Disk2_(Priya)
609,Nitin Nilakanth Raje - shirke 8260,No Content,Disk2_(Priya)
610,Nitin Ramchandra Kadam 8075,No Content,Disk2_(Priya)
611,Nivruti Bhika Nikam  7440,No Content,Disk2_(Priya)
612,Omkar Mahamuni 10106,No Content,Disk2_(Priya)
613,Omkar R. Deshamukh 7678,No Content,Disk2_(Priya)
614,Omprakash Gandarghol 7603,No Content,Disk2_(Priya)
615,Omprakash T. Dingareja 8180,No Content,Disk2_(Priya)
616,Padama Vishanu Dekhane 8221,No Content,Disk2_(Priya)
617,Padeep Kabre 8266,No Content,Disk2_(Priya)
618,Pandurag Ambre 7457,No Content,Disk2_(Priya)
619,Pandurang Nago Sanas 7277,No Content,Disk2_(Priya)
620,Panjabrao Kondiba Chitte 8516,No Content,Disk2_(Priya)
621,Pankaj Ghotkar 7640,No Content,Disk2_(Priya)
622,Pankaj Tukaram Hirave 10250,No Content,Disk2_(Priya)
623,Parvati M. Gavas 10397,No Content,Disk2_(Priya)
624,Patankar 6208,No Content,Disk2_(Priya)
625,Patulkar 6203,No Content,Disk2_(Priya)
626,Pawan Chawada 8233,No Content,Disk2_(Priya)
627,Payal Satyanaryan 7772,No Content,Disk2_(Priya)
628,Petras Bhigardive  7040,No Content,Disk2_(Priya)
629,Piraji V. Thite 11844,No Content,Disk2_(Priya)
630,Pirappa Aappa Ambi 7729,No Content,Disk2_(Priya)
631,Piyush Mistry 6837,No Content,Disk2_(Priya)
632,Pooa Chopada 8090 B,No Content,Disk2_(Priya)
633,Pooja Wagh 6840,No Content,Disk2_(Priya)
634,Pooja kalro 8178,No Content,Disk2_(Priya)
635,Poonam Pahade 7435,No Content,Disk2_(Priya)
636,Poornima Kadam 7869,No Content,Disk2_(Priya)
637,Pournima  Nagnath Tisarbude 10150,No Content,Disk2_(Priya)
638,Pournima Ashis Vaidya 10348,No Content,Disk2_(Priya)
639,Pournima K. Dixit 10138,No Content,Disk2_(Priya)
640,Pournima Kailas Gide 12339,No Content,Disk2_(Priya)
641,Prabhakar Bagewadikar 8101,No Content,Disk2_(Priya)
642,Prabhakar Balaji Kamble 8322,No Content,Disk2_(Priya)
643,Prabhakar Govind Gavali 6986,No Content,Disk2_(Priya)
644,Prabhakar Narayan Nagpure 7032,No Content,Disk2_(Priya)
645,Prabhu Dandekar 6857,No Content,Disk2_(Priya)
646,Prabir Dasgupta 7636,No Content,Disk2_(Priya)
647,Prachi Joshi 7795,No Content,Disk2_(Priya)
648,Prachin Pravinkumar Jain 8156,No Content,Disk2_(Priya)
649,Pradeep More 7769,No Content,Disk2_(Priya)
650,Pradeep Motilal Agarwal  7325,No Content,Disk2_(Priya)
651,Pradnya Rakshe 8527,No Content,Disk2_(Priya)
652,Praful Mate  6802,No Content,Disk2_(Priya)
653,Prakash  Ramchandra Dhumak 7209B,No Content,Disk2_(Priya)
654,Prakash Nilkanth Deshamukh 7705,No Content,Disk2_(Priya)
655,Prakash Patil  7107,No Content,Disk2_(Priya)
656,Prakash Popatrao 7261,No Content,Disk2_(Priya)
657,Prakash R. Daukhani 10433,No Content,Disk2_(Priya)
658,Prakash Rajaramji Patil 10569,No Content,Disk2_(Priya)
659,Prakash Sharan 10168,No Content,Disk2_(Priya)
660,Prakash Shinde 7871,No Content,Disk2_(Priya)
661,Prakash Tryambak Wani  7371,No Content,Disk2_(Priya)
662,Pramod Bapurao Dhulkar  12533,No Content,Disk2_(Priya)
663,Pramod Govinda Kamble 8063,No Content,Disk2_(Priya)
664,Pramod Raghunath Joshi 10072,No Content,Disk2_(Priya)
665,Prasad Kumbhojakar  7150,No Content,Disk2_(Priya)
666,Prasanna Anjal 7314 B,No Content,Disk2_(Priya)
667,Prasanna Shivaramwar 7973,No Content,Disk2_(Priya)
668,Prashad Pandurang Waghirkar  6771,No Content,Disk2_(Priya)
669,Prashant Laxman Mane 8738,No Content,Disk2_(Priya)
670,Prashant Patil 8132,No Content,Disk2_(Priya)
671,Prashant Shinde 7832,No Content,Disk2_(Priya)
672,Prathamesh Baji 10101,No Content,Disk2_(Priya)
673,Prathibha Krishnaraw Salunke 6948,No Content,Disk2_(Priya)
674,Pratibha Ashok Bagde 7629,No Content,Disk2_(Priya)
675,Pratibha Chaudhari 8077,No Content,Disk2_(Priya)
676,Pratik Bharat Gadekar  6896,No Content,Disk2_(Priya)
677,Pratima Vishwanath Pachapute 8637,No Content,Disk2_(Priya)
678,Pratish Thali 8143,No Content,Disk2_(Priya)
679,Pravin Baburao Chaudhari 7792,No Content,Disk2_(Priya)
680,Pravin Bhole 8028,No Content,Disk2_(Priya)
681,Pravin Goveas 7413,No Content,Disk2_(Priya)
682,Pravin Gulhane 7590,No Content,Disk2_(Priya)
683,Pravin Khandake 7414,No Content,Disk2_(Priya)
684,Pravin Nangre 6998,No Content,Disk2_(Priya)
685,Pravin Ramachandra Patil 7747,No Content,Disk2_(Priya)
686,Premalata Goyal 7689,No Content,Disk2_(Priya)
687,Priya Bhagwan Gujarathi 7479,No Content,Disk2_(Priya)
688,Priya Madhukar Salnkhe 7264,No Content,Disk2_(Priya)
689,Priya Patil 7007,No Content,Disk2_(Priya)
690,Priyanka Bhowate 7933,No Content,Disk2_(Priya)
691,Priyanka Mukesh Pawar 10109,No Content,Disk2_(Priya)
692,Priyanka Purushottam Sathe 8400,No Content,Disk2_(Priya)
693,Priyavinkal Kamboj  7260,No Content,Disk2_(Priya)
694,Puja Mahadeo patil 10349,No Content,Disk2_(Priya)
695,Puja Shrikant Pingale 8285,No Content,Disk2_(Priya)
696,Purshottam Vasudeo Samak 7111,No Content,Disk2_(Priya)
697,Purva Walimbe 7751,No Content,Disk2_(Priya)
698,Pushpa Dattatray Bhore 7294,No Content,Disk2_(Priya)
699,Pushpa Kalyan Agarwal  7232,No Content,Disk2_(Priya)
700,Pushpa Kulkarni  7126,No Content,Disk2_(Priya)
701,Pushpa Naik 9076,No Content,Disk2_(Priya)
702,Pushpa Uddhav Sonawane 7906,No Content,Disk2_(Priya)
703,Rachana Raju Adsul 10294,No Content,Disk2_(Priya)
704,Rafique Ibrahim Shaikh 7409,No Content,Disk2_(Priya)
705,Raguraman  Birappa Nagarkatte 7476,No Content,Disk2_(Priya)
706,Rahnaprabha Sonawane  7005,No Content,Disk2_(Priya)
707,Rahul Chandrakant Taware 8139,No Content,Disk2_(Priya)
708,Rahul Karnik  8316,No Content,Disk2_(Priya)
709,Rahul Katu 7596,No Content,Disk2_(Priya)
710,Rahul Shankar Hagawane 8217,No Content,Disk2_(Priya)
711,Rahul Shekar Vadaje 7844,No Content,Disk2_(Priya)
712,Rahul Shidid 6947,No Content,Disk2_(Priya)
713,Raj Kolekar 10422,No Content,Disk2_(Priya)
714,Raja Baburao Talegaonkar 7407,No Content,Disk2_(Priya)
715,Rajani Ramchandra Bane 7454 B,No Content,Disk2_(Priya)
716,Rajaram Ramarao Patil 7730,No Content,Disk2_(Priya)
717,Rajaram Suparao 6872,No Content,Disk2_(Priya)
718,Rajashri Kale 8214,No Content,Disk2_(Priya)
719,Rajashri Torse 8676,No Content,Disk2_(Priya)
720,Rajendra  Pandurang Dalavi 10203,No Content,Disk2_(Priya)
721,Rajendra Agarwal 7009,No Content,Disk2_(Priya)
722,Rajendra Anantrao Deshmukh 7549,No Content,Disk2_(Priya)
723,Rajendra Govind Bhokare  7418,No Content,Disk2_(Priya)
724,Rajendra Lahurao Lanke 10149,No Content,Disk2_(Priya)
725,Rajendra M. Narayanpure 10082,No Content,Disk2_(Priya)
726,Rajendra Mansing Bhosale 7367,No Content,Disk2_(Priya)
727,Rajendra Narayan Khamkar 10198,No Content,Disk2_(Priya)
728,Rajendra Vasant Jawalkar 7642,No Content,Disk2_(Priya)
729,Rajesh Adake 6866,No Content,Disk2_(Priya)
730,Rajesh Bhagwat Jadhav  7230,No Content,Disk2_(Priya)
731,Rajesh Ghodake,No Content,Disk2_(Priya)
732,Rajesh Gupta 8321,No Content,Disk2_(Priya)
733,Rajesh Kakade 7687,No Content,Disk2_(Priya)
734,Rajesh Narang 9965,No Content,Disk2_(Priya)
735,Rajesh Pawar 8110,No Content,Disk2_(Priya)
736,Rajesh R. Patil 11106,No Content,Disk2_(Priya)
737,Rajesh Uttam Pokale 8174,No Content,Disk2_(Priya)
738,Rajesh Vasant Mahamuni 8031,No Content,Disk2_(Priya)
739,Rajesh ishwasrao Yadav  7350,No Content,Disk2_(Priya)
740,Rajhans Khanderao Kumbhare 7849,No Content,Disk2_(Priya)
741,Rajiv Chintaman Dev 7253,No Content,Disk2_(Priya)
742,Rajiv Krishanath  Khedakar 7485,No Content,Disk2_(Priya)
743,Rajiv Turilay  7185,No Content,Disk2_(Priya)
744,Raju Karbhari Rasal 7847,No Content,Disk2_(Priya)
745,Raju Kashinath Nale 12222,No Content,Disk2_(Priya)
746,Rakesh Arjun Paradeshi 7835,No Content,Disk2_(Priya)
747,Rakesh Krishana Khedakar 7896,No Content,Disk2_(Priya)
748,Rakesh R. Ranavkar 11592,No Content,Disk2_(Priya)
749,Rakkumar Jadhav 10073,No Content,Disk2_(Priya)
750,Raksha Wagh  6972,No Content,Disk2_(Priya)
751,Ram Kadam 7312,No Content,Disk2_(Priya)
752,Ramachandra  D. Kakirde 10232,No Content,Disk2_(Priya)
753,Ramachandra G. Navathe 10296,No Content,Disk2_(Priya)
754,Ramachandra Shankar Dhani 7510,No Content,Disk2_(Priya)
755,Ramachandra Shete 8196,No Content,Disk2_(Priya)
756,Ramahari Pandurang Wagh 10245,No Content,Disk2_(Priya)
757,Ramakrishna Gawade 7498 A,No Content,Disk2_(Priya)
758,Ramakrishna Reddy Munargi 10252,No Content,Disk2_(Priya)
759,Raman Nilkantah Patil 7224,No Content,Disk2_(Priya)
760,Ramanath Sataghare 6982,No Content,Disk2_(Priya)
761,Ramanlal Shah 7866,No Content,Disk2_(Priya)
762,Ramchandra Ganesh kulkarni 8125,No Content,Disk2_(Priya)
763,Ramchandra Narayan Patil 7307,No Content,Disk2_(Priya)
764,Ramchandra Pachorkar 7559,No Content,Disk2_(Priya)
765,Ramdas Anap 7162,No Content,Disk2_(Priya)
766,Ramdas Gandhile 7297,No Content,Disk2_(Priya)
767,Ramdas Raghu Sakore 10051,No Content,Disk2_(Priya)
768,Ramesh Deoram Sabale 7982,No Content,Disk2_(Priya)
769,Ramesh Eknath Jamadade 6835,No Content,Disk2_(Priya)
770,Ramesh Laxman Jape 9882,No Content,Disk2_(Priya)
771,Ramesh Shah 7186,No Content,Disk2_(Priya)
772,Ramesh Tawde 7756,No Content,Disk2_(Priya)
773,Ramesh Tukaram Pinjari 10057,No Content,Disk2_(Priya)
774,Rameshkumar Samalkar  7054,No Content,Disk2_(Priya)
775,Ranade Rajiv 6867,No Content,Disk2_(Priya)
776,Ranindra Jaykumar Karnawat  7097,No Content,Disk2_(Priya)
777,Rashami Rathod 7942,No Content,Disk2_(Priya)
778,Rashami joshi  7426,No Content,Disk2_(Priya)
779,Raska Madhusadan Kamat  7063,No Content,Disk2_(Priya)
780,Ratikant Pathare 8541,No Content,Disk2_(Priya)
781,Ratnakar Dekate 8126,No Content,Disk2_(Priya)
782,Ratnakar Navaghare 6924,No Content,Disk2_(Priya)
783,Ratnakr Chaure 7909,No Content,Disk2_(Priya)
784,Ratnamala Khedekar 8124,No Content,Disk2_(Priya)
785,Ravindra Babasaheb Chavan 7017,No Content,Disk2_(Priya)
786,Ravindra Bharatran Mahamuni 6819,No Content,Disk2_(Priya)
787,Ravindra Damodar Gaikwad 8089 B,No Content,Disk2_(Priya)
788,Ravindra Gokhale 6871,No Content,Disk2_(Priya)
789,Ravindra Kishor Patil  8751,No Content,Disk2_(Priya)
790,Ravindra Machindra Bhosale 7645,No Content,Disk2_(Priya)
791,Ravindra Nichal 7292,No Content,Disk2_(Priya)
792,Ravindra Sandanand Mayekar 8097,No Content,Disk2_(Priya)
793,Reddy A. L.  8145,No Content,Disk2_(Priya)
794,Reeta Patel 10302,No Content,Disk2_(Priya)
795,Rehmunissa Sheikh 6763,No Content,Disk2_(Priya)
796,Rekha Bhintade 7598,No Content,Disk2_(Priya)
797,Rekha Uttarde 7807,No Content,Disk2_(Priya)
798,Renuka Suresh Tilekar 7806,No Content,Disk2_(Priya)
799,Reshama Chandrakant Ghoman 8036,No Content,Disk2_(Priya)
800,Reshama Ravindra   Saravatkar 8492,No Content,Disk2_(Priya)
801,Reshma Pathan  7008,No Content,Disk2_(Priya)
802,Reubai Vishnu Durafe 7758,No Content,Disk2_(Priya)
803,Rinku Unecha 10751,No Content,Disk2_(Priya)
804,Rishiba Mehara 7501 A,No Content,Disk2_(Priya)
805,Rita Ghatole 6803,No Content,Disk2_(Priya)
806,Rita Gupta 7546,No Content,Disk2_(Priya)
807,Rita Vijay Shingi,No Content,Disk2_(Priya)
808,Riyaz Sharif Inamdar  7174,No Content,Disk2_(Priya)
809,Rogar Blackham 10144,No Content,Disk2_(Priya)
810,Rohan Limbore  7207,No Content,Disk2_(Priya)
811,Rohan Rao 7897,No Content,Disk2_(Priya)
812,Rohidas Bhagawan Sanas 7408,No Content,Disk2_(Priya)
813,Rohidas R. Bhujabal 11023,No Content,Disk2_(Priya)
814,Rohini Vichare 8453,No Content,Disk2_(Priya)
815,Rohit Kalyankar  7293,No Content,Disk2_(Priya)
816,Rohit Kulkarni 10129,No Content,Disk2_(Priya)
817,Roman Pradhan  7078,No Content,Disk2_(Priya)
818,Romeio Joseph Dinis 8045,No Content,Disk2_(Priya)
819,Roshini Deepak Gaikwad  7037,No Content,Disk2_(Priya)
820,Rukhamini Rudrawar 8125,No Content,Disk2_(Priya)
821,Rupal Nitin Jain 8164,No Content,Disk2_(Priya)
822,Rupali Vitthal Naik Satam 8022,No Content,Disk2_(Priya)
823,Rupesh Jain 7740,No Content,Disk2_(Priya)
824,Rushikesh Sambhaji Patil 7153,No Content,Disk2_(Priya)
825,Rutuja Patil 10284,No Content,Disk2_(Priya)
826,Ruturaj Gajanan Dhede 7281,No Content,Disk2_(Priya)
827,S. A. Pathan 9362,No Content,Disk2_(Priya)
828,S. K. Vanawariya 8318,No Content,Disk2_(Priya)
829,Sachin Bapat 8169,No Content,Disk2_(Priya)
830,Sachin Bopardikar 8330,No Content,Disk2_(Priya)
831,Sachin Kokane 11025,No Content,Disk2_(Priya)
832,Sachin Shankararao Yadav 10008,No Content,Disk2_(Priya)
833,Sachin Tambe 7633,No Content,Disk2_(Priya)
834,Sachin Thakare 7578,No Content,Disk2_(Priya)
835,Sachin Todkar 7405,No Content,Disk2_(Priya)
836,Sachin Vailadkar 8023,No Content,Disk2_(Priya)
837,Sachin Vithal Pasalkar 8248,No Content,Disk2_(Priya)
838,Sadana Mauskar 7827,No Content,Disk2_(Priya)
839,Sadanand Shrirang Nikam 8420,No Content,Disk2_(Priya)
840,Sadashiv Babasaheb Deokar 10305,No Content,Disk2_(Priya)
841,Sadashiv Belasare 7628,No Content,Disk2_(Priya)
842,Sadashiv Govind Patil 7686,No Content,Disk2_(Priya)
843,Sadashiv W. Deshmukh,No Content,Disk2_(Priya)
844,Sadhana Santosh Bhagat 10019,No Content,Disk2_(Priya)
845,Sadishiv Laxman Eksande 7139,No Content,Disk2_(Priya)
846,Saee Bandedakar 7830,No Content,Disk2_(Priya)
847,Sagar A. Jadhav 10193,No Content,Disk2_(Priya)
848,Sagar Joshi  7011,No Content,Disk2_(Priya)
849,Saharad Suresh Gupta  7262 B,No Content,Disk2_(Priya)
850,Sajjad Hussain Farooqui 7693,No Content,Disk2_(Priya)
851,Sajjan NiloBa  Bhosale 10303,No Content,Disk2_(Priya)
852,Sakshi Khandeshe 7290,No Content,Disk2_(Priya)
853,Salva Bade 7539,No Content,Disk2_(Priya)
854,Sambhaji Ramachandra Dhamdhere 9941,No Content,Disk2_(Priya)
855,Sambhaji Ramchandra Khandagale 8026,No Content,Disk2_(Priya)
856,Sameer Chandrakant Mohol  7996,No Content,Disk2_(Priya)
857,Sameer Purohit  7480 B,No Content,Disk2_(Priya)
858,Samir Ismail Tamboli 7133,No Content,Disk2_(Priya)
859,Samsul Mohammad 10466,No Content,Disk2_(Priya)
860,Sandeep Bhadage  7340,No Content,Disk2_(Priya)
861,Sandeep Janaba Sabale 8468,No Content,Disk2_(Priya)
862,Sandeep K. Premgirikar 9968,No Content,Disk2_(Priya)
863,Sandeep N. Janakar  6843,No Content,Disk2_(Priya)
864,Sandeep Parande 7467,No Content,Disk2_(Priya)
865,Sandeep Rasakar 8018,No Content,Disk2_(Priya)
866,Sandeep S. Deore  12595,No Content,Disk2_(Priya)
867,Sandeep Sambhai Ahire 8000,No Content,Disk2_(Priya)
868,Sandeep Silimakar 8206,No Content,Disk2_(Priya)
869,Sandeep Vithal Bhokare 10194,No Content,Disk2_(Priya)
870,Sandeep Wadgule 8307,No Content,Disk2_(Priya)
871,Sandeep Yadav  7895,No Content,Disk2_(Priya)
872,Sandepp Pandurang Hande 8241,No Content,Disk2_(Priya)
873,Sandhaya Bhalerao Joshi 7306,No Content,Disk2_(Priya)
874,Sandish Badrayani 6865,No Content,Disk2_(Priya)
875,Sangeeta ashok Jagtap 7572,No Content,Disk2_(Priya)
876,Sanghamitra Parmar 7810,No Content,Disk2_(Priya)
877,Sangram Jaysing Shitole  7410,No Content,Disk2_(Priya)
878,Sangramsing Sarjerao Sakhole 7495,No Content,Disk2_(Priya)
879,Sanjay Agarwal 7579,No Content,Disk2_(Priya)
880,Sanjay Bhikoba Raut 7536,No Content,Disk2_(Priya)
881,Sanjay Dattatray Magar 8231,No Content,Disk2_(Priya)
882,Sanjay Fadtale 8234,No Content,Disk2_(Priya)
883,Sanjay J. Jadhav 10878,No Content,Disk2_(Priya)
884,Sanjay K. Pawar 9414,No Content,Disk2_(Priya)
885,Sanjay Khedekar 7160,No Content,Disk2_(Priya)
886,Sanjay Kumar P Bhosale 7181,No Content,Disk2_(Priya)
887,Sanjay Mahadeo Koli 6942,No Content,Disk2_(Priya)
888,Sanjay Mehata  7987,No Content,Disk2_(Priya)
889,Sanjay P. Pandit 10324,No Content,Disk2_(Priya)
890,Sanjay Paramane  7209A,No Content,Disk2_(Priya)
891,Sanjay Prabhakar Jadhav 8303,No Content,Disk2_(Priya)
892,Sanjay Rahora 8040,No Content,Disk2_(Priya)
893,Sanjay Santosh Pawar 7615,No Content,Disk2_(Priya)
894,Sanjeev Kumar Vanam 7266,No Content,Disk2_(Priya)
895,Sanjeev Nahar Kulkarni 6726,No Content,Disk2_(Priya)
896,Sanjida Bisht 8005,No Content,Disk2_(Priya)
897,Santosh Bapusaheb Kunjir 7333,No Content,Disk2_(Priya)
898,Santosh Dhondiram Sawant 10068,No Content,Disk2_(Priya)
899,Santosh Gulab lokhande 7676,No Content,Disk2_(Priya)
900,Santosh Jaiswal 8404,No Content,Disk2_(Priya)
901,Santosh Raskar 10049,No Content,Disk2_(Priya)
902,Santosh Sahshikant Newaskar 6939,No Content,Disk2_(Priya)
903,Santosh Sathe 7736,No Content,Disk2_(Priya)
904,Santosh Shinde 8331,No Content,Disk2_(Priya)
905,Santosh V. Sonawane  7443,No Content,Disk2_(Priya)
906,Santosh Vilas Chavan 7212,No Content,Disk2_(Priya)
907,Sarag Punde 7599,No Content,Disk2_(Priya)
908,Sarika Pravin Vase 10686,No Content,Disk2_(Priya)
909,Sarita Gangadhar Dhage 7373,No Content,Disk2_(Priya)
910,Sarvesh Prabhu  7146,No Content,Disk2_(Priya)
911,Sasmit Kalokhe  7140,No Content,Disk2_(Priya)
912,Satish Baburao Pawar 7781,No Content,Disk2_(Priya)
913,Satish Madhukar Lokhande 6937,No Content,Disk2_(Priya)
914,Satish Mahajan 9480,No Content,Disk2_(Priya)
915,Satish Marathe 7842,No Content,Disk2_(Priya)
916,Satish Vishnu Dhuri  7437,No Content,Disk2_(Priya)
917,Satyawan Krushnaj Jadhav  7213,No Content,Disk2_(Priya)
918,Satyawan Nivrutti Kolhe 7708,No Content,Disk2_(Priya)
919,Saurabha R. Sonawane 8525,No Content,Disk2_(Priya)
920,Savita Shukla 8522,No Content,Disk2_(Priya)
921,Sawan Vitthal khandare 8407,No Content,Disk2_(Priya)
922,Sawdamini Jawalkar 6996,No Content,Disk2_(Priya)
923,Sayali Hiraman Khamakar  7283,No Content,Disk2_(Priya)
924,Seema  Digambar Desai 7225,No Content,Disk2_(Priya)
925,Seema Gyanchandani 7764,No Content,Disk2_(Priya)
926,Seema Sadanand Bagate 7237,No Content,Disk2_(Priya)
927,Seteven Bejamin Gode 7339,No Content,Disk2_(Priya)
928,Shabanam Shaikh  8123,No Content,Disk2_(Priya)
929,Shabnam Sayyad 9925,No Content,Disk2_(Priya)
930,Shadashiv Shivram Khote 7391,No Content,Disk2_(Priya)
931,Shafique Abdul Gafer Sheikh 6914,No Content,Disk2_(Priya)
932,Shaila Ashok Deshpande 10392,No Content,Disk2_(Priya)
933,Shailendra Shukla 10253,No Content,Disk2_(Priya)
934,Shailesh Ambike 8244,No Content,Disk2_(Priya)
935,Shailesh Manik Chimalwar 7319,No Content,Disk2_(Priya)
936,Shakil Mulla  7143,No Content,Disk2_(Priya)
937,Shalaka Suryawanshi  7152,No Content,Disk2_(Priya)
938,Shambhaji R. Dhamdhere 8148,No Content,Disk2_(Priya)
939,Shamin Shaikh 7346,No Content,Disk2_(Priya)
940,Shamrao Sharavana Ghadge 7954,No Content,Disk2_(Priya)
941,Shanatanu Ramesh Suryawanshi 7608,No Content,Disk2_(Priya)
942,Shankar Baburao Shinde  6970,No Content,Disk2_(Priya)
943,Shankar Parasharam Bhagat 7531,No Content,Disk2_(Priya)
944,Shankar Ramchandra Chavan 7821,No Content,Disk2_(Priya)
945,Shanmukh M. Belatikar 10878,No Content,Disk2_(Priya)
946,Shantabai D. Patil 9533,No Content,Disk2_(Priya)
947,Shantaram Mandake 7565,No Content,Disk2_(Priya)
948,Shantaram Ramchandra Dravid 7024,No Content,Disk2_(Priya)
949,Shantaram Sandanshiv 7581,No Content,Disk2_(Priya)
950,Shanti Paradeshi 8120,No Content,Disk2_(Priya)
951,Shantilal Nawal Khedalar 6949,No Content,Disk2_(Priya)
952,Sharachandra Keshav Joshi 7158,No Content,Disk2_(Priya)
953,Sharad Haridas Jadhav 10364,No Content,Disk2_(Priya)
954,Sharad Krishna Sonawane 7682,No Content,Disk2_(Priya)
955,Sharad Somase 8465,No Content,Disk2_(Priya)
956,Sharada Sahntaram Bhokare  7192,No Content,Disk2_(Priya)
957,Sharavani Thorat 7951,No Content,Disk2_(Priya)
958,Shashikant Anant Bakare 7752,No Content,Disk2_(Priya)
959,Shashikant Atmaram Poman 10199,No Content,Disk2_(Priya)
960,Shashikant Dinakarao Jagtap 10224,No Content,Disk2_(Priya)
961,Shashikant Kalekar  8020,No Content,Disk2_(Priya)
962,Shashikant Mhatre 10146,No Content,Disk2_(Priya)
963,Shashikant Pandurang  kondhare 8105,No Content,Disk2_(Priya)
964,Shatanu Shivaji Khede 8158,No Content,Disk2_(Priya)
965,Sheela Kumbhar 7344,No Content,Disk2_(Priya)
966,Sheetal Milind Jawale  7233,No Content,Disk2_(Priya)
967,Sheetal P. Kamble 11069,No Content,Disk2_(Priya)
968,Sheetal Sham Gaikwad 10022,No Content,Disk2_(Priya)
969,Sheikh Babu Miya Sharfoddin  7045,No Content,Disk2_(Priya)
970,Shekhar  Sadashiv Dubal  10183,No Content,Disk2_(Priya)
971,Shekhar Fadatale 7913,No Content,Disk2_(Priya)
972,Shesha G. Narayanan  7383,No Content,Disk2_(Priya)
973,Shewta Tamboli 6870,No Content,Disk2_(Priya)
974,Shila B. Khilare 10682,No Content,Disk2_(Priya)
975,Shilpa Shashikant Chaugele 6797,No Content,Disk2_(Priya)
976,Shiram Vyankatesh Kulkarni 10196,No Content,Disk2_(Priya)
977,Shirish Prabhakar Kulkarni 10351,No Content,Disk2_(Priya)
978,Shirish Vasantarao Hanbhire  7256,No Content,Disk2_(Priya)
979,Shivachandra Bandoppa Bondage 10230,No Content,Disk2_(Priya)
980,Shivaji Anantarao Salunkhe  6990,No Content,Disk2_(Priya)
981,Shivaji Chandhere 7641,No Content,Disk2_(Priya)
982,Shivaji Ganpat khede 8146,No Content,Disk2_(Priya)
983,Shivaji Ghorpade 8504,No Content,Disk2_(Priya)
984,Shivaji Tukaram Chavan 7027,No Content,Disk2_(Priya)
985,Shivani Advani 7447,No Content,Disk2_(Priya)
986,Shivdas Sitaram Bagul 7786,No Content,Disk2_(Priya)
987,Shivram Wamanrao Satabhai 7949,No Content,Disk2_(Priya)
988,Shobha Agarwal  7439,No Content,Disk2_(Priya)
989,Shobhana Lawania 8235,No Content,Disk2_(Priya)
990,Shreesh Dhere  7169,No Content,Disk2_(Priya)
991,Shreeti Amomkar 10436,No Content,Disk2_(Priya)
992,Shridhar  Dhage 7386,No Content,Disk2_(Priya)
993,Shridhar Ganu Mhatre,No Content,Disk2_(Priya)
994,Shridhar Laxman Naigaonkar 7279,No Content,Disk2_(Priya)
995,Shrikant A. Kulkarni 9971,No Content,Disk2_(Priya)
996,Shripad Kamalapurakar,No Content,Disk2_(Priya)
997,Shriram Dinakar Kulkarni 10359,No Content,Disk2_(Priya)
998,Shrirang Mandekar  7215,No Content,Disk2_(Priya)
999,Shubam Vijay Phharande 7327,No Content,Disk2_(Priya)
1000,Shubhada Suresh Naik  7023,No Content,Disk2_(Priya)
1001,Shubhangi Chordiya 11967,No Content,Disk2_(Priya)
1002,Shubhangi Kulkarni  7165,No Content,Disk2_(Priya)
1003,Shubhangi R. Mhaske 11793,No Content,Disk2_(Priya)
1004,Shweta Nandode 10077,No Content,Disk2_(Priya)
1005,Siddharth Naraya  Kaul 7999,No Content,Disk2_(Priya)
1006,Siddhesh Chavan 7614,No Content,Disk2_(Priya)
1007,Sitaram Tukaram Narvekar 8096,No Content,Disk2_(Priya)
1008,Smita Deepak Shinde 7099,No Content,Disk2_(Priya)
1009,Smita Raghunath Kagalkar  7352,No Content,Disk2_(Priya)
1010,Smita Ramesh Buzruk  9952,No Content,Disk2_(Priya)
1011,Smita Sudhakar Katare 12243,No Content,Disk2_(Priya)
1012,Smita Suhas Joshi  7258,No Content,Disk2_(Priya)
1013,Smita Sunil Jadhav 8110,No Content,Disk2_(Priya)
1014,Sneha Chitte 7683,No Content,Disk2_(Priya)
1015,Sneha More 10164,No Content,Disk2_(Priya)
1016,Snehal Vithal Darwatkar 10158,No Content,Disk2_(Priya)
1017,Somnath Pandit Bagale  12929,No Content,Disk2_(Priya)
1018,Somnath Waikar 7929,No Content,Disk2_(Priya)
1019,Sonali Brid 7934,No Content,Disk2_(Priya)
1020,Sonu GerunYYadav 10277,No Content,Disk2_(Priya)
1021,Sopan Pandurang Kokare 8325,No Content,Disk2_(Priya)
1022,Sopan Rambhau Baikar 7944,No Content,Disk2_(Priya)
1023,Sopan Suman Dabhade 7499,No Content,Disk2_(Priya)
1024,Subhash Kamble 7524,No Content,Disk2_(Priya)
1025,Subhash Raguhunath Gosawi 7278,No Content,Disk2_(Priya)
1026,Subhash S. Lokhande 10406,No Content,Disk2_(Priya)
1027,Subhash Tejpal Agarwal 8188,No Content,Disk2_(Priya)
1028,Subhash Vitthal Ghule  7430,No Content,Disk2_(Priya)
1029,Subhasha Appasaheb Patil 8014,No Content,Disk2_(Priya)
1030,Subroto Roy  12886,No Content,Disk2_(Priya)
1031,Suchita Ramchandra Sawant 6945,No Content,Disk2_(Priya)
1032,Sudam Atamaram Avachar 7483,No Content,Disk2_(Priya)
1033,Sudam Sripad jadhav 7638,No Content,Disk2_(Priya)
1034,Sudhakar Bhosale 7817,No Content,Disk2_(Priya)
1035,Sudhakar Chhaburao Jadhav 7910,No Content,Disk2_(Priya)
1036,Sudhakar Potdar 7717,No Content,Disk2_(Priya)
1037,Sudhir Desai 8098,No Content,Disk2_(Priya)
1038,Sudhir Kumbhar 8401,No Content,Disk2_(Priya)
1039,Sudhir Shah 7998,No Content,Disk2_(Priya)
1040,Sufaraj Bagwan  6933,No Content,Disk2_(Priya)
1041,Sugandha  eknath Rokade 6907,No Content,Disk2_(Priya)
1042,Suhas Nilakanth Shinnarkar 6999,No Content,Disk2_(Priya)
1043,Suhas Raykar 8091,No Content,Disk2_(Priya)
1044,Suhas Shinde 7809,No Content,Disk2_(Priya)
1045,Suhasini Prakash Shidhaye 6750,No Content,Disk2_(Priya)
1046,Sujata Adhav 7273,No Content,Disk2_(Priya)
1047,Sujata Ramesh Kamble 7731,No Content,Disk2_(Priya)
1048,Sujit Vasant Sonar 7502,No Content,Disk2_(Priya)
1049,Suman Kumbhar 10071,No Content,Disk2_(Priya)
1050,Suman Tukaram Yadav 7382 B,No Content,Disk2_(Priya)
1051,Sumedha Deshpande 10259,No Content,Disk2_(Priya)
1052,Sumitra Kalaskar 8309,No Content,Disk2_(Priya)
1053,Sunanda Chavan 8886,No Content,Disk2_(Priya)
1054,Sunanda Pile 8084,No Content,Disk2_(Priya)
1055,Sunikumar N. Patil 10874,No Content,Disk2_(Priya)
1056,Sunil Badad 7977,No Content,Disk2_(Priya)
1057,Sunil Chaturvedi 6984,No Content,Disk2_(Priya)
1058,Sunil D. Junnarkar 7872,No Content,Disk2_(Priya)
1059,Sunil Ganapat  Bagade 8312,No Content,Disk2_(Priya)
1060,Sunil Jagannath Borade 7445,No Content,Disk2_(Priya)
1061,Sunil Prabhakar Salunke 7609,No Content,Disk2_(Priya)
1062,Sunil Rajaram Patil 7375,No Content,Disk2_(Priya)
1063,Sunil Ramachandra Kokate  6987,No Content,Disk2_(Priya)
1064,Sunil Ramdas Patil 7351,No Content,Disk2_(Priya)
1065,Sunil Sadhashiv Ingale 7397,No Content,Disk2_(Priya)
1066,Sunil Shrihari Mude 7526,No Content,Disk2_(Priya)
1067,Sunil Swani  7058,No Content,Disk2_(Priya)
1068,Sunil Wade 7595,No Content,Disk2_(Priya)
1069,Sunita  Panditrao Jagtap 8582,No Content,Disk2_(Priya)
1070,Sunita Jagatap 8194,No Content,Disk2_(Priya)
1071,Sunita Mukund Agalave 10021,No Content,Disk2_(Priya)
1072,Sunita Sudhakar Soman 7867,No Content,Disk2_(Priya)
1073,Sunita Thingale 7883,No Content,Disk2_(Priya)
1074,Supriya Pal 8439,No Content,Disk2_(Priya)
1075,Surekha Lalchand Khade 6854,No Content,Disk2_(Priya)
1076,Surekha Mahendra Chol 7030,No Content,Disk2_(Priya)
1077,Surekha Prakash Kangane 7771,No Content,Disk2_(Priya)
1078,Surekha R. Bhalerao  10152,No Content,Disk2_(Priya)
1079,Surekha Sawade 8745,No Content,Disk2_(Priya)
1080,Surendra S Tanwar 6847,No Content,Disk2_(Priya)
1081,Surendra Sudhir Shitole 10108,No Content,Disk2_(Priya)
1082,Suresh Bhagwan Deshamane 6869,No Content,Disk2_(Priya)
1083,Suresh Dattaram Naik 8048,No Content,Disk2_(Priya)
1084,Suresh Hole 7538,No Content,Disk2_(Priya)
1085,Suresh Laxman Dhumal  12514,No Content,Disk2_(Priya)
1086,Suresh Pandurang More 8222,No Content,Disk2_(Priya)
1087,Suresh Shankar Wagh  7081,No Content,Disk2_(Priya)
1088,Suresh Shekatkar 8447,No Content,Disk2_(Priya)
1089,Suresh Sonawane 7991,No Content,Disk2_(Priya)
1090,Suresh Vishnath Endaith,No Content,Disk2_(Priya)
1091,Suresh Yashawant Damle 9695,No Content,Disk2_(Priya)
1092,Suryakant B. Dake  11905,No Content,Disk2_(Priya)
1093,Suryakant J.Kalbhor 11991,No Content,Disk2_(Priya)
1094,Suschendra Kame 8058,No Content,Disk2_(Priya)
1095,Sushabhashchnadra Basu 8258,No Content,Disk2_(Priya)
1096,Sushant Dinakar Bhujabal 8079,No Content,Disk2_(Priya)
1097,Sushila Dasharata Gadekar7630 A,No Content,Disk2_(Priya)
1098,Sushila Dhodiram  Bhope 7416,No Content,Disk2_(Priya)
1099,Sushila Khase 6762 A,No Content,Disk2_(Priya)
1100,Sushila S. Dumbare 11792,No Content,Disk2_(Priya)
1101,Sushila Sanjay Waghamare 7582,No Content,Disk2_(Priya)
1102,Sushma A. Dandade 10025,No Content,Disk2_(Priya)
1103,Suvarana Rajendra Gondhalekar 10388,No Content,Disk2_(Priya)
1104,Suvarna Ramesh Suryawanshi 7607,No Content,Disk2_(Priya)
1105,Suvrana Jadhav,No Content,Disk2_(Priya)
1106,Swapanil Ghoman 8035,No Content,Disk2_(Priya)
1107,Swapanil Shivaji Pingale 10029,No Content,Disk2_(Priya)
1108,Swaroop Suresh Gaikwad 7272,No Content,Disk2_(Priya)
1109,Swati Naikwadi 10035,No Content,Disk2_(Priya)
1110,Swati Paradhan  7079,No Content,Disk2_(Priya)
1111,Swati Patil 7057,No Content,Disk2_(Priya)
1112,Swati R. Kharatmol  11906,No Content,Disk2_(Priya)
1113,Swati Shinde  7316,No Content,Disk2_(Priya)
1114,Swati Vijay chavan 8049,No Content,Disk2_(Priya)
1115,T . P. Sharma 7688,No Content,Disk2_(Priya)
1116,T. k. Raman 10070,No Content,Disk2_(Priya)
1117,Tajmat hamzah 8135,No Content,Disk2_(Priya)
1118,Tanmay Pandit 11827,No Content,Disk2_(Priya)
1119,Tanuja Dattatray Aradhey 7452,No Content,Disk2_(Priya)
1120,Tarabai Hiraman Mohite 7516,No Content,Disk2_(Priya)
1121,Tarique Quddu  6820,No Content,Disk2_(Priya)
1122,Tehseen Sherakar  7148,No Content,Disk2_(Priya)
1123,Tejas Bidakar 8057,No Content,Disk2_(Priya)
1124,Tejas Suryawanshi 8748,No Content,Disk2_(Priya)
1125,Thakriya maruti Patil 8320,No Content,Disk2_(Priya)
1126,Thomas Abrahum 10753,No Content,Disk2_(Priya)
1127,Tribak Lqpate 8380,No Content,Disk2_(Priya)
1128,Trupati Aradhaya 7497,No Content,Disk2_(Priya)
1129,Tukaram Dasharath Jagatap  7149,No Content,Disk2_(Priya)
1130,Tukaram S. Bhong 10939,No Content,Disk2_(Priya)
1131,Tushar Kharose 10437,No Content,Disk2_(Priya)
1132,Tushar Vartak 8517,No Content,Disk2_(Priya)
1133,Uash Ganesh Vajare 7368,No Content,Disk2_(Priya)
1134,Uday Anant Joshi 7961,No Content,Disk2_(Priya)
1135,Uday Mahajan  7004,No Content,Disk2_(Priya)
1136,Uday Shirke 7498 B,No Content,Disk2_(Priya)
1137,Udayshankar M. Joshi 10306,No Content,Disk2_(Priya)
1138,Ujawala Satish Pekhale 8653,No Content,Disk2_(Priya)
1139,Ujwala Hanamant Shinde 7184,No Content,Disk2_(Priya)
1140,Ulahas Rane 7543,No Content,Disk2_(Priya)
1141,Ulhas Gangaram Khole 9961,No Content,Disk2_(Priya)
1142,Ulhas Moreshwar Dhake Jankar 7301,No Content,Disk2_(Priya)
1143,Uma Ayyan 7875 B,No Content,Disk2_(Priya)
1144,Uma Manian 7788,No Content,Disk2_(Priya)
1145,Uma Pandit 7110,No Content,Disk2_(Priya)
1146,Uma Uttam 6874,No Content,Disk2_(Priya)
1147,Umesh Kadam 6781,No Content,Disk2_(Priya)
1148,Umesh Kumar 8067,No Content,Disk2_(Priya)
1149,Umesh Ramesh Adhav 7249,No Content,Disk2_(Priya)
1150,Urmila shrikant Pangarkar 8521,No Content,Disk2_(Priya)
1151,Usha V. Deshpande 9947,No Content,Disk2_(Priya)
1152,Usha Vishnu Joshi,No Content,Disk2_(Priya)
1153,Utkarsha Ganala 8328,No Content,Disk2_(Priya)
1154,Uttam Borate 7275,No Content,Disk2_(Priya)
1155,Uttam Ganpat Babale  7263,No Content,Disk2_(Priya)
1156,Uttam Kashinath Patil 7861,No Content,Disk2_(Priya)
1157,Uttareshwar N. londhe 7814,No Content,Disk2_(Priya)
1158,Vaibhavi Khedekar  7161,No Content,Disk2_(Priya)
1159,Vaishali Balasaheb Barate 12403,No Content,Disk2_(Priya)
1160,Vaishali Chormal 7142,No Content,Disk2_(Priya)
1161,Vaishali Girish Kudale  7482,No Content,Disk2_(Priya)
1162,Vaishali Jadhav  7138,No Content,Disk2_(Priya)
1163,Vaishali Prakash Joshi 12239,No Content,Disk2_(Priya)
1164,Vaishali Rajapukar 7567,No Content,Disk2_(Priya)
1165,Valmiki Madhukar Karpe 7804,No Content,Disk2_(Priya)
1166,Vandana Anil Gaikwad 10206,No Content,Disk2_(Priya)
1167,Vandana Ashok Rudrale 7700,No Content,Disk2_(Priya)
1168,Vandana Dasharath Kale 7798,No Content,Disk2_(Priya)
1169,Vandana Lohakare 8060,No Content,Disk2_(Priya)
1170,Vandhana Sakhardade  7223,No Content,Disk2_(Priya)
1171,Vanita Devakar 7604,No Content,Disk2_(Priya)
1172,Vanshika Umesh Ambatlar 6951,No Content,Disk2_(Priya)
1173,Varsha  R. Shing 10416,No Content,Disk2_(Priya)
1174,Varsha Dwarakanath Datar 7044,No Content,Disk2_(Priya)
1175,Varsha Shahane 7077,No Content,Disk2_(Priya)
1176,Varsha Varhade 8050,No Content,Disk2_(Priya)
1177,Varun Rajpal 7975,No Content,Disk2_(Priya)
1178,Vasant Dnynoba More 10500,No Content,Disk2_(Priya)
1179,Vasant Pandurang Pangave 7328,No Content,Disk2_(Priya)
1180,Vasanti Pawar  6824,No Content,Disk2_(Priya)
1181,Vasat Hanumant Ramdurg 7496,No Content,Disk2_(Priya)
1182,Vasubandhu Ramteke 7462,No Content,Disk2_(Priya)
1183,Vasudeo Govind Palav,No Content,Disk2_(Priya)
1184,Vasudeo Govind Palav 10390,No Content,Disk2_(Priya)
1185,Vasudeo Shivram Shinde 10239,No Content,Disk2_(Priya)
1186,Vasudeo Valmik Mohan 8466,No Content,Disk2_(Priya)
1187,Vasudeo Vishwanath Jadhav 8107,No Content,Disk2_(Priya)
1188,Vasudha Sambhus 6845,No Content,Disk2_(Priya)
1189,Vibha Vijayrao Moharil 8753,No Content,Disk2_(Priya)
1190,Victor Papbatini 7108,No Content,Disk2_(Priya)
1191,Vidya Holakar 7777,No Content,Disk2_(Priya)
1192,Vidya Kelakar 7989,No Content,Disk2_(Priya)
1193,Vidya Nadikishor Prajapati  7070,No Content,Disk2_(Priya)
1194,Vidya Patil  6962,No Content,Disk2_(Priya)
1195,Vighnesh Pankaj Sanghavi 7379,No Content,Disk2_(Priya)
1196,Vijay Chavan  7412,No Content,Disk2_(Priya)
1197,Vijay Ganpat Kadam 8167 A,No Content,Disk2_(Priya)
1198,Vijay Hiremath 7890,No Content,Disk2_(Priya)
1199,Vijay Joshi 7456,No Content,Disk2_(Priya)
1200,Vijay Limbaj Dhware 7324,No Content,Disk2_(Priya)
1201,Vijay M. Bhuvad 10458,No Content,Disk2_(Priya)
1202,Vijay Mahantesh Angadi 7076,No Content,Disk2_(Priya)
1203,Vijay Nahur  6918,No Content,Disk2_(Priya)
1204,Vijay Naisukh Baladora 10391,No Content,Disk2_(Priya)
1205,Vijay Narayan Kulkarni 8787,No Content,Disk2_(Priya)
1206,Vijay Ramesh Nemade  7309,No Content,Disk2_(Priya)
1207,Vijay Shankar Kadam,No Content,Disk2_(Priya)
1208,Vijay Wadikar  7276,No Content,Disk2_(Priya)
1209,Vijaya Balkisan Malpani 7802,No Content,Disk2_(Priya)
1210,Vijaya Joshi 8114,No Content,Disk2_(Priya)
1211,Vijaya Mukuna Sali 10130,No Content,Disk2_(Priya)
1212,Vijayalaxmi Subhash Deshmukh  12848,No Content,Disk2_(Priya)
1213,Vijaykumar S. Deshmukh 11415,No Content,Disk2_(Priya)
1214,Vijaymala Prataprao Salunkhe 8445,No Content,Disk2_(Priya)
1215,Vikaram Yadav 7355,No Content,Disk2_(Priya)
1216,Vikas Salunkhe 7770,No Content,Disk2_(Priya)
1217,Vikas Sudam Bhosale  7431,No Content,Disk2_(Priya)
1218,Vikas Zumbar Wagh 8471,No Content,Disk2_(Priya)
1219,Vikram Prakash Mulik 7288,No Content,Disk2_(Priya)
1220,Vilas Datar 7361,No Content,Disk2_(Priya)
1221,Vilas Hari Khose 7732,No Content,Disk2_(Priya)
1222,Vilas Jaywant Nirmal  7173,No Content,Disk2_(Priya)
1223,Vilas Narayan Kane 7563 A,No Content,Disk2_(Priya)
1224,Vilas Purushottam Patil 8329,No Content,Disk2_(Priya)
1225,Vilas Ramesh Jadhav 8432,No Content,Disk2_(Priya)
1226,Vilas S. Desai 10218,No Content,Disk2_(Priya)
1227,Vilas Yadav Ware 11830,No Content,Disk2_(Priya)
1228,Vilas appasaheb Desai 8003,No Content,Disk2_(Priya)
1229,Vilash Ganesh Deval 6839,No Content,Disk2_(Priya)
1230,Vimal Nandalal Kale 7902,No Content,Disk2_(Priya)
1231,Vinay Khawale 6856,No Content,Disk2_(Priya)
1232,Vinay Vishwas Potdar 10297,No Content,Disk2_(Priya)
1233,Vinayak Bhoite 7918,No Content,Disk2_(Priya)
1234,Vinayak Chippa 7887,No Content,Disk2_(Priya)
1235,Vinayak Laxman Govande 7469,No Content,Disk2_(Priya)
1236,Vinayak Pandharpure 7322,No Content,Disk2_(Priya)
1237,Vinit Ramchandani 8012,No Content,Disk2_(Priya)
1238,Vinod Baban Shinde 8450,No Content,Disk2_(Priya)
1239,Vinod Dagaji Patil 8190,No Content,Disk2_(Priya)
1240,Vinod Eknath Patil  7128,No Content,Disk2_(Priya)
1241,Vinod Kapse  7199,No Content,Disk2_(Priya)
1242,Vinod Karlo 8409,No Content,Disk2_(Priya)
1243,Vinod Tanaji Pawar 7547,No Content,Disk2_(Priya)
1244,Vinod Yewale 8514,No Content,Disk2_(Priya)
1245,Virendra Pandurang More 6833,No Content,Disk2_(Priya)
1246,Vishal L. Nachare 10408,No Content,Disk2_(Priya)
1247,Vishwanathan Iyer 6752,No Content,Disk2_(Priya)
1248,Vishwaraj Gaitonde 8519,No Content,Disk2_(Priya)
1249,Vishwas  Nirmal  6906,No Content,Disk2_(Priya)
1250,Vishwas Shrirang Gaikwad 8182,No Content,Disk2_(Priya)
1251,Vishwas Yashwant Bhosale 9118,No Content,Disk2_(Priya)
1252,Vishwasrao Dhudaku Borase 9224,No Content,Disk2_(Priya)
1253,Vithabai Kisan Meragal 8391,No Content,Disk2_(Priya)
1254,Vithal Laxman Bhujapal 10090,No Content,Disk2_(Priya)
1255,Vithal N. Patil 10955,No Content,Disk2_(Priya)
1256,Vithal Narayan Mastut 8670,No Content,Disk2_(Priya)
1257,Vithal Pandurang Rauth  6817,No Content,Disk2_(Priya)
1258,Vithal Sitaram Malave 8270,No Content,Disk2_(Priya)
1259,Vithal rachandra Puranik 10487,No Content,Disk2_(Priya)
1260,Vitthal Baban Chaukande 9844,No Content,Disk2_(Priya)
1261,Vitthal L. Kanchan 11543,No Content,Disk2_(Priya)
1262,Vitthal M. Daundkar 10797,No Content,Disk2_(Priya)
1263,Vivek Acharya 7790,No Content,Disk2_(Priya)
1264,Vivek Balakrushna Kulkarni 8621,No Content,Disk2_(Priya)
1265,Vivek Chitodkar 8896,No Content,Disk2_(Priya)
1266,Vivek D Borade  12582,No Content,Disk2_(Priya)
1267,Vivek Deshpande 7446,No Content,Disk2_(Priya)
1268,Vivek Hinge 8377,No Content,Disk2_(Priya)
1269,Vivek Khandekar 9489 7179,No Content,Disk2_(Priya)
1270,Vivek Koshti 8885,No Content,Disk2_(Priya)
1271,Vivek Kulkarni 7898,No Content,Disk2_(Priya)
1272,Vivek Mate  6985,No Content,Disk2_(Priya)
1273,Vivek Shende 7299,No Content,Disk2_(Priya)
1274,Vivekanand  Nagesh  Bawadekar  7201,No Content,Disk2_(Priya)
1275,Vrunda S. Balate 10763,No Content,Disk2_(Priya)
1276,Vrunda Vilas Kulkarni 8332,No Content,Disk2_(Priya)
1277,Vrushali D. Gurav 9822,No Content,Disk2_(Priya)
1278,Vrushali Indrajit Shah 8010,No Content,Disk2_(Priya)
1279,Vrushali Padamakar Nagarkar 9458,No Content,Disk2_(Priya)
1280,Vrushali S. Kulkarni 11935,No Content,Disk2_(Priya)
1281,Vyankad  D. Dhodake 100104,No Content,Disk2_(Priya)
1282,Vyankad  D. Dhodake 10104,No Content,Disk2_(Priya)
1283,Vyant Motegaonkar 8728,No Content,Disk2_(Priya)
1284,Xaivier Joseph  Gracias 10662,No Content,Disk2_(Priya)
1285,Yamunabai Joashi 7969,No Content,Disk2_(Priya)
1286,Yash Bagmar,No Content,Disk2_(Priya)
1287,Yash Bhati 9511,No Content,Disk2_(Priya)
1288,Yash Mahesh Prakash  7039,No Content,Disk2_(Priya)
1289,Yash Sudhir Shah 7491,No Content,Disk2_(Priya)
1290,Yashawant Anant Patil  10178,No Content,Disk2_(Priya)
1291,Yashawant Khade 7533,No Content,Disk2_(Priya)
1292,Yashawant Ramchandra jawale 8250,No Content,Disk2_(Priya)
1293,Yashawant Sadashiv Salave 9407,No Content,Disk2_(Priya)
1294,Yashawant Sampat Deshmukha 8687,No Content,Disk2_(Priya)
1295,Yashawant Thombare 9750,No Content,Disk2_(Priya)
1296,Yashawant Tukaram Bhalerao 9258,No Content,Disk2_(Priya)
1297,Yashawantrao A. Dhaygude 10735,No Content,Disk2_(Priya)
1298,Yashwant Ranganath Kulkarni  7180,No Content,Disk2_(Priya)
1299,Yasim I. Sayyad 11965,No Content,Disk2_(Priya)
1300,Yatin Jiabarao Patil 9089,No Content,Disk2_(Priya)
1301,Yatin Salunkhe  12899,No Content,Disk2_(Priya)
1302,Yatin Shingala 8282,No Content,Disk2_(Priya)
1303,Yewalekar,No Content,Disk2_(Priya)
1304,Yogendra Mohan Kulkarni 9957,No Content,Disk2_(Priya)
1305,Yogesh B. Jamdade 11545,No Content,Disk2_(Priya)
1306,Yogesh Chandrakant Mode 9420,No Content,Disk2_(Priya)
1307,Yogesh Deshpande 8451,No Content,Disk2_(Priya)
1308,Yogesh K. Deshpande 9823,No Content,Disk2_(Priya)
1309,Yogesh N. Jain 12352,No Content,Disk2_(Priya)
1310,Yogesh Nikumbh 9892,No Content,Disk2_(Priya)
1311,Yogesh P. Chavdhari,No Content,Disk2_(Priya)
1312,Yogesh Pawale 9295,No Content,Disk2_(Priya)
1313,Yogesh Raju Jadhav 9036,No Content,Disk2_(Priya)
1314,Yogesh S. Parange 12097,No Content,Disk2_(Priya)
1315,Yogesh Sahadev Parade 9924,No Content,Disk2_(Priya)
1316,Yogesh Sananse 8852,No Content,Disk2_(Priya)
1317,Yogesh Sudhakar  Salunke 8313,No Content,Disk2_(Priya)
1318,Yogesh Tukaram Naik 7402,No Content,Disk2_(Priya)
1319,Yogesh V. Kapase 11022,No Content,Disk2_(Priya)
1320,Yogesh V. Sonekar 9801,No Content,Disk2_(Priya)
1321,Yogesh Vijay Pokale 8638,No Content,Disk2_(Priya)
1322,Yogeshwar N. Kothawade 12660,No Content,Disk2_(Priya)
1323,Yogini Ganesh Shirke 10169,No Content,Disk2_(Priya)
1324,Yogini Prakash Kadam  12679,No Content,Disk2_(Priya)
1325,Yogiraj Ananada Sanakule 10323,No Content,Disk2_(Priya)
1326,Yogiraj Lohkare 8201,No Content,Disk2_(Priya)
1327,Yogita Dattatray Konde 6787 A,No Content,Disk2_(Priya)
1328,Yogita Shirke 9748,No Content,Disk2_(Priya)
1329,Yogita Siwarkar  7200,No Content,Disk2_(Priya)
1330,Yogita Tanpure 10233,No Content,Disk2_(Priya)
1331,Yunus Lal Badsha Shaikh 9937,No Content,Disk2_(Priya)
1332,Yusuf Ahemad Sheikh  7370,No Content,Disk2_(Priya)
1333,Yuvaraj Ashok Pawar 7291,No Content,Disk2_(Priya)
1334,Yuvaraj Bhujabal 9004,No Content,Disk2_(Priya)
1335,Yuvaraj D. Dhawade 11881,No Content,Disk2_(Priya)
1336,Zaigam Abbas 8408,No Content,Disk2_(Priya)
1337,de,No Content,Disk2_(Priya)
1338,Aarti U. Kulkarni 10968,Subfolder in Photopath,Disk2_(Priya)
1339,Hemant Modak 7571,Subfolder in Photopath,Disk2_(Priya)
1340,Joti Deepak Mogade 7997,Subfolder in Photopath,Disk2_(Priya)
1341,Abhijit Kamalakar Yadav 13133,No Content,Disk1_(Rupali)
1342,Amrutrao Daji Chavan 16124,No Content,Disk1_(Rupali)
1343,Ananya Anup Shivarkar 16448,No Content,Disk1_(Rupali)
1344,Arvind Bhargava   18853,No Content,Disk1_(Rupali)
1345,Arwa Plasticwala  15019,No Content,Disk1_(Rupali)
1346,Arya Yogesh Sonawane  15628,No Content,Disk1_(Rupali)
1347,Ashok B Kaushik 15003,No Content,Disk1_(Rupali)
1348,Balwan Singh 15093,No Content,Disk1_(Rupali)
1349,Basavraj Malkanna Patil 13106,No Content,Disk1_(Rupali)
1350,Bashir  Abbas Sayyed   13075,No Content,Disk1_(Rupali)
1351,Bhaskar Nahak  14630,No Content,Disk1_(Rupali)
1352,Bhushan  Bramaji Gaonkar  14371,No Content,Disk1_(Rupali)
1353,Brajesh Jaiswal  14915,No Content,Disk1_(Rupali)
1354,Cedric John Sequeira  14033,No Content,Disk1_(Rupali)
1355,Chaitali Suresh Goregaonkar   19205,No Content,Disk1_(Rupali)
1356,Deepika Vijay Mahajan   15936,No Content,Disk1_(Rupali)
1357,Dinesh Kisan Hajare 13636,No Content,Disk1_(Rupali)
1358,Dipali krushna mane 16571,No Content,Disk1_(Rupali)
1359,Dnyanoba Shivaji Kale 13159,No Content,Disk1_(Rupali)
1360,Eknath Vitthal Netke  13361,No Content,Disk1_(Rupali)
1361,Gauri Santosh Khetre   18409,No Content,Disk1_(Rupali)
1362,Gunawantraj Madanlal Semlani 13202,No Content,Disk1_(Rupali)
1363,Haren Chandra Borthakur 14043,No Content,Disk1_(Rupali)
1364,Harshika Jaiswal  14916,No Content,Disk1_(Rupali)
1365,Janhavi Sandeep Dhanawade  17439,No Content,Disk1_(Rupali)
1366,Jardhan Gaykar  14370,No Content,Disk1_(Rupali)
1367,Jayashri S Patekar 13345,No Content,Disk1_(Rupali)
1368,K.Vimalkumar  13070,No Content,Disk1_(Rupali)
1369,Kalpana Chandrakant Ambekar  13682,No Content,Disk1_(Rupali)
1370,Kamal Shaikh  16475,No Content,Disk1_(Rupali)
1371,Kartik Shanuk Junnare  14530,No Content,Disk1_(Rupali)
1372,Kiran Amarsingh Parihar  14708,No Content,Disk1_(Rupali)
1373,Komal  Shivkumar Sharma  13088,No Content,Disk1_(Rupali)
1374,Lakhpati Deviv 16563,No Content,Disk1_(Rupali)
1375,Lalita Kiran Mane 14366,No Content,Disk1_(Rupali)
1376,Mahananda Rajendra Chavhan 16434,No Content,Disk1_(Rupali)
1377,Mahendra Sundarji Thakar 16577,No Content,Disk1_(Rupali)
1378,Mahesh    Raghunath Borase 19472,No Content,Disk1_(Rupali)
1379,Malini Mohan Shivtare  20133,No Content,Disk1_(Rupali)
1380,Mangala Gokhale 13580,No Content,Disk1_(Rupali)
1381,Marilyn Hunt 16215,No Content,Disk1_(Rupali)
1382,Mohan Bhiku Devale 13434,No Content,Disk1_(Rupali)
1383,Monisha Krishnan 16613,No Content,Disk1_(Rupali)
1384,Mrs. Jayshree Rajendra Patil 17676,No Content,Disk1_(Rupali)
1385,Mulachand Yadav   19647,No Content,Disk1_(Rupali)
1386,Najuk Vashishtha Mitra  16839,No Content,Disk1_(Rupali)
1387,Namdev Genuji Tope 13132,No Content,Disk1_(Rupali)
1388,Narendra Maruti Gunjalkar 13437,No Content,Disk1_(Rupali)
1389,Navin Chande 13387,No Content,Disk1_(Rupali)
1390,New folder,No Content,Disk1_(Rupali)
1391,New folder (2),No Content,Disk1_(Rupali)
1392,Nilesh Madhukar Savairam  14378,No Content,Disk1_(Rupali)
1393,Nirmala Kiranchandh Jain   18384,No Content,Disk1_(Rupali)
1394,Nitin Ramdas Shelake 16653,No Content,Disk1_(Rupali)
1395,Omkar S Darekar  15261,No Content,Disk1_(Rupali)
1396,P Sgour  19072,No Content,Disk1_(Rupali)
1397,Pandurang D Shinde  14917,No Content,Disk1_(Rupali)
1398,Rahbok Lyngdoh  13687,No Content,Disk1_(Rupali)
1399,Raj Anthony 14793,No Content,Disk1_(Rupali)
1400,Rajendra Hambirarao 13646,No Content,Disk1_(Rupali)
1401,Rajulal Kautik mali 16473,No Content,Disk1_(Rupali)
1402,Rakesh Pokla  13676,No Content,Disk1_(Rupali)
1403,Rama Pamoti 13130,No Content,Disk1_(Rupali)
1404,Ramahari Pandurang Wagh 13135,No Content,Disk1_(Rupali)
1405,Rikona G Dagwar  15874,No Content,Disk1_(Rupali)
1406,Rupali Yashwant Dhote 16057,No Content,Disk1_(Rupali)
1407,Sachin C Todkar 17303,No Content,Disk1_(Rupali)
1408,Sagita Kaluram Bhogade  13277,No Content,Disk1_(Rupali)
1409,Sameer  Anil  Dharne  13097,No Content,Disk1_(Rupali)
1410,Sandeep Premchand Sancheti 13291,No Content,Disk1_(Rupali)
1411,Sangeeta Sham Nayar   17913,No Content,Disk1_(Rupali)
1412,Sanjay Chandrakant Yelkar   14379,No Content,Disk1_(Rupali)
1413,Satish Shrivastav  14918,No Content,Disk1_(Rupali)
1414,Shantabai Ambekar 16651,No Content,Disk1_(Rupali)
1415,Sharad Bhagwan Paygude  13134,No Content,Disk1_(Rupali)
1416,Shivani Sunil Sakpal 16399,No Content,Disk1_(Rupali)
1417,Siddhant Shanul Junnare 14531,No Content,Disk1_(Rupali)
1418,Sonabai Raghunath Nakhate  14610,No Content,Disk1_(Rupali)
1419,Sonali Ramchandra Jagtap  17906,No Content,Disk1_(Rupali)
1420,Sulabha Ajay Ganvir 16554,No Content,Disk1_(Rupali)
1421,Sundar Raj 13518,No Content,Disk1_(Rupali)
1422,Suresh Bhoja Shetty 13385,No Content,Disk1_(Rupali)
1423,Suresh Odedra 16550,No Content,Disk1_(Rupali)
1424,Sushila Sadanand Singh  14374,No Content,Disk1_(Rupali)
1425,Suvarna Mahendra Sarvade 13929,No Content,Disk1_(Rupali)
1426,SwanandPrabhakarrao Mokashi   18614,No Content,Disk1_(Rupali)
1427,Swapnil Narayan Sawant  15111,No Content,Disk1_(Rupali)
1428,Swati Bhaskar Koche  16364,No Content,Disk1_(Rupali)
1429,Trupti Tamlurkar  13248,No Content,Disk1_(Rupali)
1430,V. Arumugam 13805,No Content,Disk1_(Rupali)
1431,V. S. Pattabiraman   19542,No Content,Disk1_(Rupali)
1432,Vaishnavi Vijay Deshmukh 16252,No Content,Disk1_(Rupali)
1433,Varsha D. Machale   20156,No Content,Disk1_(Rupali)
1434,Vijay Kumar Jain 16159,No Content,Disk1_(Rupali)
1435,Vijay P Bandekar 16749,No Content,Disk1_(Rupali)
1436,Vilas G. Sodaye   19170,No Content,Disk1_(Rupali)
1437,Vinay Ashok Bhamare 13102,No Content,Disk1_(Rupali)
1438,Vishnu Devram Dhodade 16522,No Content,Disk1_(Rupali)
1439,Xiao Xue   19036,No Content,Disk1_(Rupali)
1440,Yash M Deokate 17169,No Content,Disk1_(Rupali)
1441,Yash Ranjeet Prasad 16308,No Content,Disk1_(Rupali)
1442,A.S. Kulkarni 12156,Subfolder in Photopath,Disk1_(Rupali)
1443,Jayant  Vasantrao   Deshpande 14336,Subfolder in Photopath,Disk1_(Rupali)
