ID,Reg. No,Visit ID,Visit Date,Remedy,Potency,Dosage,Repetition,Days,Issue
1,12,2,2007-01-16,Aloe : Carb-v,200 : 30,,Once a week BDS : TDS,111,Remedy Mismatched
2,13,13,2008-01-23,Calc : Rt Sos,200,,in sm,111,Remedy Mismatched
3,13,14,2008-02-22,Calc : Rt Sos,200,,in sm,111,Remedy Mismatched
4,27,5,2007-07-05,Ars 30++,TDS,,,111,Remedy Mismatched
5,40,4,2007-07-19,Calc ... Ars..,200  30,,Sm   TDS,111,Remedy Mismatched
6,40,2,2007-05-15,Calc ... Ars..,200  30,,Sm   TDS,111,Remedy Mismatched
7,40,3,2007-06-21,Calc ... Ars..,200  30,,Sm   TDS,111,Remedy Mismatched
8,74,11,2008-03-02,Calc-Sa,30,,TDS,111,Remedy Mismatched
9,75,26,2009-06-09,no medine,30C,,1 OD,111,Remedy Mismatched
10,75,20,2009-01-04,Opum,,,,111,Remedy Mismatched
11,75,29,2010-03-01,no med,,,,111,Remedy Mismatched
12,81,5,2007-11-04,Mez : Oct??,30,,All..,111,Remedy Mismatched
13,96,1,2007-07-08,Phod,2oo,,bds once :  a week,111,Remedy Mismatched
14,100,3,2008-03-26,Sulph  : all SL,1m,,in sm first month,111,Remedy Mismatched
15,101,10,2008-04-10,Calc : r.t.,200 : 30,,in sm : tds,111,Remedy Mismatched
16,138,1,2007-09-12,PUlLS : no medicine,200,,IN SM,111,Remedy Mismatched
17,171,2,2007-10-21,>++ : Abel,Sac-lac,,in sm+,111,Potency Mismatched
18,176,7,2008-04-13,Merc-i-r,30,,in sm,111,Remedy Mismatched
19,185,2,2007-10-31,Calc : followed by  : ars 30 Tds  : Next Month,200 :  : TDS,,In Sm,111,Remedy Mismatched
20,194,2,2007-11-28,b : Bry,30,,t--,111,Remedy Mismatched
21,194,3,2008-01-23,b : Bry,30,,t--,111,Remedy Mismatched
22,219,13,2008-12-05,Aloes : Carboveg,200 : 30,,in Sm : DS,111,Remedy Mismatched
23,239,3,2008-02-09,Sac-LAc. : sOS..s.l>,30 : 30,,TDS : TDS,111,Remedy Mismatched
24,240,1,2007-12-25,C : Calc,200,,in sm,111,Remedy Mismatched
25,247,10,2008-09-06,Sac-lac : calm cream,30,,tds,111,Remedy Mismatched
26,272,18,2010-01-21,Thuja : Ars ( Second mnths),1m : 30C,,1 OD : 1 TDS,111,Remedy Mismatched
27,274,9,2008-09-21,Sep 1m,1m,,in Sm,111,Remedy Mismatched
28,284,22,2010-01-13,no med,1M,,in sm,111,Remedy Mismatched
29,306,9,2008-09-21,Suplh_D,200_D,,D TDS,111,Remedy Mismatched
30,316,32,2010-07-27,OP,200C,,1 OD,111,Remedy Mismatched
31,345,1,2008-02-03,Graph : warm agg. : skin > joints. : burn soles. : weak knee,200,,in sm.,111,Remedy Mismatched
32,382,1,2008-02-27,Thju : 500 Bal,200,,in  SM,111,Remedy Mismatched
33,396,18,2014-07-22,Nit-ac : one month only  : Ant-c,200C : 30C,,1 OD : 1 BD,111,Remedy Mismatched
34,413,1,2008-03-11,Phos?? : Mez : 200ballance,30,,tds..,111,Remedy Mismatched
35,430,1,2008-05-18,H/O Calc/ars : /NV : Thuja,:  : 200,,:  : In Sm,111,Remedy Mismatched
36,458,34,2012-10-24,no medicine,,,,111,Remedy Mismatched
37,458,33,2012-10-03,no medicine,,,,111,Remedy Mismatched
38,473,1,2008-04-03,Opium,200,,in sm,111,Remedy Mismatched
39,478,4,2008-06-03,no medicine,,,,111,Remedy Mismatched
40,480,3,2008-05-20,Sac.lac.. : for a week,30,,tds,111,Remedy Mismatched
41,486,6,2008-06-03,Opium,200,,in Sm,111,Remedy Mismatched
42,527,1,2008-05-14,Ignatia+ : ars,200 : 30,,4 doses : tds,111,Remedy Mismatched
43,530,1,2008-02-10,Arg.N  D,200 D,,InSM..,111,Remedy Mismatched
44,556,20,2014-03-20,TS 220 : NO PUDIS NO SM,30C,,1 TDS,111,Remedy Mismatched
45,556,21,2014-04-09,TS 220 : NO PUDIS NO SM,30C,,1 TDS,111,Remedy Mismatched
46,556,22,2014-05-06,TS 220 : NO PUDIS NO SM,30C,,1 TDS,111,Remedy Mismatched
47,556,23,2014-06-05,TS 220 : NO PUDIS NO SM,30C,,1 TDS,111,Remedy Mismatched
48,556,24,2014-07-09,TS 220 : NO PUDIS NO SM,30C,,1 TDS,111,Remedy Mismatched
49,556,25,2014-07-30,TS 144  : One dram,30C,,1 TDS,111,Remedy Mismatched
50,569,23,2011-10-18,no medicine,,,,111,Remedy Mismatched
51,569,24,2011-11-23,no medicine,,,,111,Remedy Mismatched
52,588,16,2010-08-08,op,200,,1 TDS : 1 OD,111,Remedy Mismatched
53,588,17,2010-10-10,op,200,,1 TDS : 1 OD,111,Remedy Mismatched
54,588,18,2010-12-12,op,200,,1 TDS : 1 OD,111,Remedy Mismatched
55,608,8,2010-08-17,no medicine,,,,111,Remedy Mismatched
56,608,7,2010-05-01,no medicine,,,,111,Remedy Mismatched
57,616,33,2012-01-31,Ars : sos one week,30C,,1 TDS,111,Remedy Mismatched
58,640,3,2008-08-05,Sac-lac : Borax-30 sos : tds for three days,30,,TDS,111,Remedy Mismatched
59,641,2,2008-09-16,Ars : first month.. : sac-lac,30 : 30,,tds : tds2 months.,111,Remedy Mismatched
60,675,1,2008-06-09,last medicine to be : continued,30,,,111,Remedy Mismatched
61,683,7,2009-07-24,Kali-ars Blue : Rhus-tox  yellow : Ars  Green : Petr  pink,30,,tds in serries,111,Remedy Mismatched
62,683,10,2010-01-03,Ars 30 : AltSl : TDS,30C,,1 TDS,111,Remedy Mismatched
63,683,9,2009-08-19,Ars 30  : AltSl : TDS,30C,,1 TDS,111,Remedy Mismatched
64,684,12,2009-01-30,hep for a week : discontinue celm : sl tds,30C,,1 TDS,111,Remedy Mismatched
65,689,64,2014-03-20,TS220 : No PUSIS NO POWDER,30C,,1 BD,111,Remedy Mismatched
66,689,65,2014-04-17,TS220 : No PUSIS NO POWDER,30C,,1 BD,111,Remedy Mismatched
67,691,8,2009-04-12,phos : 1st month,200C,,1 OD,111,Remedy Mismatched
68,692,1,2008-07-15,NUX_#),30,,tds,111,Remedy Mismatched
69,702,5,2008-11-04,..,,,,111,Remedy Mismatched
70,719,31,2012-11-06,no medicine,,,,111,Remedy Mismatched
71,725,18,2010-03-04,Carc+Calc,200C,,1 OD,111,Remedy Mismatched
72,725,5,2008-11-20,Kali ars : .,30,,in bds once a week  : globules,111,Remedy Mismatched
73,725,4,2008-10-16,Kali ars : .,30,,in bds once a week  : globules,111,Remedy Mismatched
74,733,1,2008-08-23,July Sulph? : >+  : > on chest. : agg. Lower : limbs,Mez,,30,111,Remedy Mismatched
75,733,2,2008-09-27,July Sulph? : >+  : > on chest. : agg. Lower : limbs,Mez,,30,111,Remedy Mismatched
76,735,1,2008-08-23,"July Nat.M : Agg,++",Mez,,30,111,Potency Mismatched
77,735,2,2008-09-27,"July Nat.M : Agg,++",Mez,,30,111,Potency Mismatched
78,741,2,2008-12-21,>+,,,,111,Remedy Mismatched
79,759,1,2008-08-06,Opium,200,,in SM..,111,Remedy Mismatched
80,761,37,2011-06-14,Petr : 1 dram,30C,,1 TDS,111,Remedy Mismatched
81,762,1,2008-08-07,Thuja : 15 days : medicine : 300 rs : given,200,,in Sm,111,Remedy Mismatched
82,774,11,2010-03-23,Nat-m : no cist,200 : 30,,in SM first momth : BDS,111,Remedy Mismatched
83,774,8,2009-09-01,Nat-m : no cist,200 : 30,,in SM first momth : BDS,111,Remedy Mismatched
84,774,9,2010-01-26,Nat-m : no cist,200 : 30,,in SM first momth : BDS,111,Remedy Mismatched
85,774,7,2009-03-10,Nat-m : no cist,200 : 30,,in SM first momth : BDS,111,Remedy Mismatched
86,774,9,2010-01-26,Nat-m : no cist,200 : 30,,in SM first momth : BDS,111,Remedy Mismatched
87,855,39,2013-02-07,soles?,Petr,,1 BD,111,Remedy Mismatched
88,857,5,2009-06-01,Suph 30 DD,30C,,: 1 TDS,111,Remedy Mismatched
89,861,1,2008-06-11,A=Apis=Blue : B=S.LGreen : C=Clem  Pink : D=Calc2c Yellow,,,,111,Remedy Mismatched
90,871,4,2009-02-05,sulph : 400paid,200,,in sm,111,Remedy Mismatched
91,871,2,2008-10-16,sulph : 400paid,200,,in sm,111,Remedy Mismatched
92,871,3,2008-11-12,sulph : 400paid,200,,in sm,111,Remedy Mismatched
93,871,1,2008-09-18,sulph : 400 bal,200,,in sm,111,Remedy Mismatched
94,922,9,2009-09-16,Sulph : nex month Mez,200 : 30,,in SM : BDS,111,Remedy Mismatched
95,922,8,2009-05-05,sulph in sm alt months : mez 30 BDS  : alt sulph,200 : 30,,OD : BDS,111,Remedy Mismatched
96,928,2,2008-10-17,Petr : Sac-lac : Alt months> : 4-Months,30 : 30,,tds : tds,111,Remedy Mismatched
97,930,4,2009-01-03,Cist 30 on 2/4 months,30C,,1 BD,111,Remedy Mismatched
98,937,16,2009-12-02,Calc : alt months : Nux-com,200C : 30C,,1 OD : 1 BD,111,Remedy Mismatched
99,956,1,2008-10-19,Petr : NM/Sep ?,30,,In Sm,111,Remedy Mismatched
100,996,26,2010-09-02,No Medicine,30C,,,111,Remedy Mismatched
101,1003,4,2009-02-19,Sac-lac : phos : sm second month,30 : 200,,1 TDS,111,Remedy Mismatched
102,1042,3,2009-02-28,Ars : first month+ : s.l.,30C : 30,,1 TDScond month,111,Remedy Mismatched
103,1044,1,2008-12-05,Aloes,200,,INSM,111,Remedy Mismatched
104,1048,2,2009-01-04,Petr : H/o in DEc : 08 : Groins++,30C,,1 BD,111,Remedy Mismatched
105,1048,1,2009-01-02,Petr : H/o in DEc : 08 : Groins++,30C,,1 BD,111,Remedy Mismatched
106,1076,13,2009-09-26,SOS : Borax>++ : Merc,30C : 200C,,TDS SOS : In Sm,111,Remedy Mismatched
107,1098,26,2011-02-15,Mez+NAt.M,30C : 200C,,1 OD,111,Remedy Mismatched
108,1176,1,2009-02-25,"Borax : sl,, : 15 days",30,,1 TDS,111,Remedy Mismatched
109,1176,2,2009-05-05,"Borax : sl,, : 15 days",30,,1 TDS,111,Remedy Mismatched
110,1192,26,2011-08-27,NO MED,,,,111,Remedy Mismatched
111,1200,3,2009-04-03,6-3-09 : Graph : ?,200,,In SM,111,Remedy Mismatched
112,1200,5,2009-07-01,6-3-09 : Graph : ?,200,,In SM,111,Remedy Mismatched
113,1200,4,2009-05-01,6-3-09 : Graph : ?,200,,In SM,111,Remedy Mismatched
114,1200,1,2009-01-07,6-3-09 : Graph : ?,200,,In SM,111,Remedy Mismatched
115,1204,25,2011-03-18,Ars : for two days,30C,,1 BD,111,Remedy Mismatched
116,1204,26,2011-05-03,Ars : for two days,30C,,1 BD,111,Remedy Mismatched
117,1235,1,2009-04-07,Phos : 350 bal,200C,,1 OD,111,Remedy Mismatched
118,1244,50,2012-07-05,SOS  : Ant-c,30C,,1 TDS,111,Remedy Mismatched
119,1244,77,2014-07-24,TS 221 : NO weekly globules,30C,,1 TDS,111,Remedy Mismatched
120,1244,76,2014-06-25,TS 221 : NO weekly globules,30C,,1 TDS,111,Remedy Mismatched
121,1244,78,2014-08-28,TS 221 : NO weekly globules,30C,,1 TDS,111,Remedy Mismatched
122,1279,1,2009-05-12,Puls : after 2 months,200,,in Sm,111,Remedy Mismatched
123,1282,1,2009-05-12,Aloes,200 bd,,1 OD,111,Remedy Mismatched
124,1341,11,2010-03-06,Med,1M,,1 OD,111,Remedy Mismatched
125,1349,1,2009-06-23,Merc-I-R,30,,TDS,111,Remedy Mismatched
126,1404,23,2012-03-13,Nux-v : for one dram,30C,,1 TDS,111,Remedy Mismatched
127,1404,39,2014-02-06,TS 220 : no sm and pd,30C,,1 TDS,111,Remedy Mismatched
128,1417,10,2010-06-23,>++,Sulph.iod,,1 BD,111,Remedy Mismatched
129,1430,16,2010-09-10,Hep-s  for a week : Sac-lac,30C : 30C,,1 TDS : 1 QDS,111,Remedy Mismatched
130,1444,7,2010-01-23,>++,30C,,1 BD,111,Remedy Mismatched
131,1459,1,2009-07-31,Calc : rt 30 tds,200,,in Sm,111,Remedy Mismatched
132,1469,1,2009-11-07,on nape of neck,no t/t,,1 BD,111,Remedy Mismatched
133,1557,7,2010-05-27,Calc+Carc,200C,,1 OD,111,Remedy Mismatched
134,1557,5,2010-04-03,Calc+Carc,200C,,1 OD,111,Remedy Mismatched
135,1557,6,2010-04-06,Calc+Carc,200C,,1 OD,111,Remedy Mismatched
136,1571,1,2010-12-14,medi : start : photo,Petr,,1 BD,111,Potency Mismatched
137,1571,2,2011-01-11,medi : start : photo,Petr,,1 BD,111,Potency Mismatched
138,1571,3,2011-02-08,medi : start : photo,Petr,,1 BD,111,Potency Mismatched
139,1571,4,2011-03-05,medi : start : photo,Petr,,1 BD,111,Potency Mismatched
140,1571,5,2011-12-16,medi : start : photo,Petr,,1 BD,111,Potency Mismatched
141,1639,5,2010-02-04,Abies-c : Ars,30C,,1 BD,111,Remedy Mismatched
142,1647,32,2013-01-31,ars : one week,30C,,1 TDS,111,Remedy Mismatched
143,1651,10,2010-12-11,Petr : sos,30C,,1 TDS,111,Remedy Mismatched
144,1660,3,2010-12-21,??? same,200C,,1 BD,111,Remedy Mismatched
145,1688,8,2010-05-11,no med,,,,111,Remedy Mismatched
146,1707,48,2014-03-19,TS 220 : NO pudid no SM,30C,,1 TDS,111,Remedy Mismatched
147,1707,49,2014-04-29,TS 220 : NO pudid no SM,30C,,1 TDS,111,Remedy Mismatched
148,1707,50,2014-06-03,TS 220 : NO pudid no SM,30C,,1 TDS,111,Remedy Mismatched
149,1707,51,2014-07-08,TS 220 : NO pudid no SM,30C,,1 TDS,111,Remedy Mismatched
150,1707,52,2014-08-12,TS 220 : NO pudid no SM,30C,,1 TDS,111,Remedy Mismatched
151,1729,5,2010-07-16,Puls : alt Mez,200C : 30C,,1 OD : 1 BD,111,Remedy Mismatched
152,1729,4,2010-02-03,Ars : 3rd mn,30C : Puls,,1 BD : In Sm,111,Potency Mismatched
153,1750,9,2011-09-24,two months : petr,200C,,1 OD,111,Remedy Mismatched
154,1750,10,2011-11-19,two months : petr,200C,,1 OD,111,Remedy Mismatched
155,1771,9,2010-07-23,PLat,200C,,1 OD,111,Remedy Mismatched
156,1800,53,2014-04-02,no medince,30C,,,111,Remedy Mismatched
157,1800,54,2014-04-23,no medince,30C,,,111,Remedy Mismatched
158,1829,12,2010-10-03,cistt,30C,,,111,Remedy Mismatched
159,1857,20,2011-06-21,NO MED,30C,,1 TDS,111,Remedy Mismatched
160,1876,1,2010-01-20,Petr : 2c bal,30,,BDS,111,Remedy Mismatched
161,1877,1,2010-01-21,Arnica Hair  : oil,,,,111,Remedy Mismatched
162,2109,17,2011-07-26,Apis : 1 dram,30C,,1 TDS,111,Remedy Mismatched
163,2132,1,2010-06-05,Calc++,200C,,1 OD,111,Remedy Mismatched
164,2132,2,2010-07-03,Calc++,200C,,1 OD,111,Remedy Mismatched
165,2149,2,2010-06-29,no medicine,,,,111,Remedy Mismatched
166,2170,9,2010-10-13,no med,,,,111,Remedy Mismatched
167,2170,11,2010-10-28,Ars : two days,200C,,BDS,111,Remedy Mismatched
168,2190,3,2010-08-17,sos,30C,,1 BD,111,Remedy Mismatched
169,2245,15,2011-10-12,same,,,,111,Remedy Mismatched
170,2245,16,2011-10-24,same,,,,111,Remedy Mismatched
171,2245,17,2011-11-23,same,,,,111,Remedy Mismatched
172,2276,8,2011-03-22,>++mez,30C,,1 TDS,111,Remedy Mismatched
173,2298,3,2010-11-30,three mnths,,,,111,Remedy Mismatched
174,2343,1,2010-09-05,Carb-veg : no sm sl,30C,,1 TDS,111,Remedy Mismatched
175,2372,4,2010-12-17,Petr : sos,30C : Hep-s,,1 BD : 30 for a week,111,Potency Mismatched
176,2372,5,2011-01-27,Petr : sos,30C : Hep-s,,1 BD : 30 for a week,111,Potency Mismatched
177,2372,6,2011-02-22,Petr : sos,30C : Hep-s,,1 BD : 30 for a week,111,Potency Mismatched
178,2404,5,2010-11-09,no med,,,,111,Remedy Mismatched
179,2475,12,2012-01-04,Merc-i-f,30C,,1 OD,111,Remedy Mismatched
180,2475,14,2012-03-04,Merc-i-f,30C,,1 OD,111,Remedy Mismatched
181,2475,15,2012-05-06,Merc-i-f,30C,,1 OD,111,Remedy Mismatched
182,2478,1,2010-12-05,>??+ : sac-lac,30C,,1 TDS,111,Remedy Mismatched
183,2478,2,2011-01-02,>??+ : sac-lac,30C,,1 TDS,111,Remedy Mismatched
184,2478,6,2011-05-08,>??+ : sac-lac,30C,,1 TDS,111,Remedy Mismatched
185,2478,7,2011-06-10,>??+ : sac-lac,30C,,1 TDS,111,Remedy Mismatched
186,2480,1,2010-12-05,<+ : Ars,30C,,1 TDS,111,Remedy Mismatched
187,2480,2,2011-01-02,<+ : Ars,30C,,1 TDS,111,Remedy Mismatched
188,2480,7,2011-06-05,<+ : Ars,30C,,1 TDS,111,Remedy Mismatched
189,2480,6,2011-05-01,<+ : Ars,30C,,1 TDS,111,Remedy Mismatched
190,2480,8,2011-07-03,<+ : Ars,30C,,1 TDS,111,Remedy Mismatched
191,2481,1,2010-12-05,>++ : sac-cla,30C,,1 TDS,111,Remedy Mismatched
192,2483,1,2010-12-05,<++ : Sac-lac,30C,,1 TDS,111,Remedy Mismatched
193,2483,2,2011-01-02,<++ : Sac-lac,30C,,1 TDS,111,Remedy Mismatched
194,2483,3,2011-02-06,<++ : Sac-lac,30C,,1 TDS,111,Remedy Mismatched
195,2483,5,2011-06-05,<++ : Sac-lac,30C,,1 TDS,111,Remedy Mismatched
196,2483,9,2011-10-02,<++ : Sac-lac,30C,,1 TDS,111,Remedy Mismatched
197,2483,6,2011-07-03,<++ : Sac-lac,30C,,1 TDS,111,Remedy Mismatched
198,2483,7,2011-08-07,<++ : Sac-lac,30C,,1 TDS,111,Remedy Mismatched
199,2483,8,2011-09-04,<++ : Sac-lac,30C,,1 TDS,111,Remedy Mismatched
200,2483,10,2011-11-06,<++ : Sac-lac,30C,,1 TDS,111,Remedy Mismatched
201,2485,1,2012-05-18,>++  : H/O PS 63 : two months,30C,,1 BD,111,Remedy Mismatched
202,2485,2,2012-07-26,>++  : H/O PS 63 : two months,30C,,1 BD,111,Remedy Mismatched
203,2485,3,2012-10-16,>++  : H/O PS 63 : two months,30C,,1 BD,111,Remedy Mismatched
204,2485,4,2012-11-12,>++  : H/O PS 63 : two months,30C,,1 BD,111,Remedy Mismatched
205,2569,7,2011-06-22,Petr 30 : one week,30C,,1 TDS,111,Remedy Mismatched
206,2629,13,2012-03-27,no medicine,,,,111,Remedy Mismatched
207,2643,1,2010-12-21,no t/t  : observe,,,,111,Remedy Mismatched
208,2651,1,2010-12-29,>++??,30C,,,111,Remedy Mismatched
209,2714,2,2011-02-11,no med,30C,,1 BD,111,Remedy Mismatched
210,2718,2,2011-03-15,Calc : n,200C,,1 OD,111,Remedy Mismatched
211,2762,1,2011-02-11,Petr : 3mnths,30C,,1 BD,111,Remedy Mismatched
212,2773,2,2011-03-01,np,,,,111,Remedy Mismatched
213,2773,5,2011-04-19,no med : ext app psnf,30C,,1 HS,111,Remedy Mismatched
214,2913,8,2013-06-07,med /h/o,30C,,1 QDS,111,Remedy Mismatched
215,2916,9,2012-04-18,Mez : one week,30C,,1 TDS,111,Remedy Mismatched
216,3023,18,2012-10-10,no med,,,,111,Remedy Mismatched
217,3064,1,2011-05-17,??NP,,,,111,Remedy Mismatched
218,3078,30,2014-02-18,Sac-lac : NO pUDIS No Sm,30C,,1 TDS,111,Remedy Mismatched
219,3078,31,2014-03-18,NO tS 220 : No PUDIS  : No SM : SAC-LAC,30C,,1 TDS,111,Remedy Mismatched
220,3078,32,2014-04-22,TS 220 : NO PUDIS NOS SM,30C,,1 TDS,111,Remedy Mismatched
221,3135,2,2011-06-30,sac-lac : 1 dram,30C,,1 TDS,111,Remedy Mismatched
222,3188,17,2013-02-01,Sac-lac : one dram,30C,,1 TDS,111,Remedy Mismatched
223,3191,18,2014-01-21,TS 220 : No Sm,30C,,1 TDS,111,Remedy Mismatched
224,3191,19,2014-02-13,Canth  : one dram sos S.L.,30C,,1 BD,111,Remedy Mismatched
225,3263,3,2011-11-10,same,,,,111,Remedy Mismatched
226,3333,19,2013-10-15,Calc+s,30C,,1 BD,111,Remedy Mismatched
227,3350,10,2012-06-05,same,,,,111,Remedy Mismatched
228,3373,4,2012-02-12,no med,,,,111,Remedy Mismatched
229,3501,15,2013-11-21,TS 220 : NP PD NO Sm,30C,,1 TDS,111,Remedy Mismatched
230,3501,16,2014-01-23,TS 220 : NP PD NO Sm,30C,,1 TDS,111,Remedy Mismatched
231,3506,33,2013-08-27,Ars : One week,30C,,1 TDS,111,Remedy Mismatched
232,3519,1,2011-10-21,>- by PS 63 : THree mnths med : RS 85,,,,111,Remedy Mismatched
233,3519,2,2011-11-09,>- by PS 63 : THree mnths med : RS 85,,,,111,Remedy Mismatched
234,3519,3,2012-02-15,>- by PS 63 : THree mnths med : RS 85,,,,111,Remedy Mismatched
235,3519,4,2012-10-09,>- by PS 63 : THree mnths med : RS 85,,,,111,Remedy Mismatched
236,3627,1,2011-12-07,? Calc : thre mnnth,200C,,1 OD,111,Remedy Mismatched
237,3627,2,2012-06-01,? Calc : two mnt,200C,,1 OD,111,Remedy Mismatched
238,3638,6,2012-12-09,Ars : first month : secomd months : sac-lac,30C : 30C,,1 TDS : 1 TDS,111,Remedy Mismatched
239,3638,7,2013-02-10,Ars : first month : secomd months : sac-lac,30C : 30C,,1 TDS : 1 TDS,111,Remedy Mismatched
240,3644,1,2012-01-07,no med,,,,111,Remedy Mismatched
241,3651,23,2013-11-21,TS220 : NO SM NO PUDIS,30C,,1 TDS,111,Remedy Mismatched
242,3677,1,2012-01-15,3 mnths : Thuja : Petr,200C : 30C,,1 OD : 1 BD,111,Remedy Mismatched
243,3682,2,2012-02-01,no Med,,,,111,Remedy Mismatched
244,3682,27,2014-03-20,no med,30C,,1 BD,111,Remedy Mismatched
245,3775,2,2012-03-07,Ars 30 sos,30C,,1 TDS,111,Remedy Mismatched
246,3775,3,2012-03-15,Ars 30 sos,30C,,bds,111,Remedy Mismatched
247,3775,4,2012-04-11,Ars 30 sos,30C,,bds,111,Remedy Mismatched
248,3878,14,2013-08-07,Canth : one week,30C,,1 TDS,111,Remedy Mismatched
249,3886,22,2014-03-20,TS 220 : NO SM No PUDIs,30C,,1 TDS,111,Remedy Mismatched
250,3886,23,2014-04-16,TS 220 : NO SM No PUDIs,30C,,1 TDS,111,Remedy Mismatched
251,3886,24,2014-05-13,TS 220 : NO SM No PUDIs,30C,,1 TDS,111,Remedy Mismatched
252,3886,25,2014-06-17,TS 220 : NO SM No PUDIs,30C,,1 TDS,111,Remedy Mismatched
253,3933,1,2012-03-21,old pt : 8003,,,,111,Remedy Mismatched
254,3961,2,2012-04-18,sos : Ars,30C,,1 TDS,111,Remedy Mismatched
255,3985,13,2013-10-31,TS 22o : stopped RS 101 : and SM,30C,,1 TDS,111,Remedy Mismatched
256,3991,1,2012-04-19,Petr : (ARS)?,30C,,1 BD,111,Remedy Mismatched
257,4017,16,2013-06-04,No Medicine,30C,,1 BD,111,Remedy Mismatched
258,4050,1,2012-05-16,RS 85 : NO MED?,200C,,1 OD,111,Remedy Mismatched
259,4164,4,2012-09-07,Ars : sos,30C,,1 TDS,111,Remedy Mismatched
260,4311,17,2014-08-06,sac-lac : six month now,30C,,1 TDS,111,Remedy Mismatched
261,4311,16,2014-07-09,sac-lac : six month now,30C,,1 TDS,111,Remedy Mismatched
262,4311,15,2014-06-11,sac-lac : six month now,30C,,1 TDS,111,Remedy Mismatched
263,4341,6,2012-11-10,no new med,,,,111,Remedy Mismatched
264,4341,5,2012-10-30,no new med,,,,111,Remedy Mismatched
265,4348,2,2012-08-25,Nat-m : 500 Bal,200C,,1 OD,111,Remedy Mismatched
266,4348,1,2012-07-28,Nat-m : 500 Bal,200C,,1 OD,111,Remedy Mismatched
267,4387,8,2013-01-22,Apis : again : Sac-lac,30C,,1 TDS : one week,111,Remedy Mismatched
268,4451,1,2012-08-21,"PS 90.? : PS 72, :  : On palms : < No T/T",,,,111,Remedy Mismatched
269,4454,18,2014-06-19,TS 220 : NO PD NO Sm,30C,,1 QDS,111,Remedy Mismatched
270,4454,17,2014-04-08,TS 220 : NO PD NO Sm,30C,,1 QDS,111,Remedy Mismatched
271,4454,16,2014-02-05,TS 200 : NO PD NO Sm,30C,,1 QDS,111,Remedy Mismatched
272,4454,15,2013-11-21,TS 220 : NO PD /SM,30C,,1 TDS,111,Remedy Mismatched
273,4455,1,2012-08-21,Calc : 1K bal,200C,,1 OD,111,Remedy Mismatched
274,4455,2,2012-09-25,Calc : 1K bal,200C,,1 OD,111,Remedy Mismatched
275,4476,2,2012-09-26,Petr : two dram SOS : Sac-lac,30C : 30C,,1 TDS : 1 TDS,111,Remedy Mismatched
276,4521,24,2014-12-16,>++,30C,2 Pills,1 TDS,0,Remedy Mismatched
277,4528,2,2012-10-06,Np T/T,,,,111,Remedy Mismatched
278,4532,13,2014-01-05,Pest,30C,,1 BD,111,Remedy Mismatched
279,4532,12,2013-12-01,Pest,30C,,1 BD,111,Remedy Mismatched
280,4629,1,2012-11-05,Kali-ars : 2k ballance,30C,,1 BD,111,Remedy Mismatched
281,4680,10,2013-08-24,No MED,30C,,,111,Remedy Mismatched
282,4695,2,2012-11-12,No Medicine,,,,111,Remedy Mismatched
283,4696,11,2014-05-13,Petr : Ob right LEG,30C,,1 BD,111,Remedy Mismatched
284,4696,12,2014-07-01,Petr : Ob right LEG,30C,,1 BD,111,Remedy Mismatched
285,4740,1,2012-11-06,No ps : NOT/T,,,,111,Remedy Mismatched
286,4776,7,2013-04-16,Ars : ALT Calc,30C,,1 BD,111,Remedy Mismatched
287,4776,8,2013-10-07,Ars : ALT Calc,30C,,1 BD,111,Remedy Mismatched
288,5065,8,2013-10-15,no medicine,200C,,1 TDS,111,Remedy Mismatched
289,5066,2,2013-03-06,Calc+,200C,,1 OD,111,Remedy Mismatched
290,5131,9,2013-10-29,same continue,30C,,,111,Remedy Mismatched
291,5131,10,2013-11-20,same continue,30C,,,111,Remedy Mismatched
292,5131,12,2014-01-16,same continue,30C,,,111,Remedy Mismatched
293,5131,11,2013-12-19,same continue,30C,,,111,Remedy Mismatched
294,5164,11,2014-01-28,no medicine,30C,,1 BD,111,Remedy Mismatched
295,5200,1,2013-03-03,Moistures : only,,,,111,Remedy Mismatched
296,5204,5,2013-12-01,Puls : 1st mnths : ars,200C : 30C,,1 OD : 1 BD,111,Remedy Mismatched
297,5204,4,2013-09-01,Puls : 1st mnths : ars,200C : 30C,,1 OD : 1 BD,111,Remedy Mismatched
298,5204,3,2013-06-02,Puls : 1st mnths : ars,200C : 30C,,1 OD : 1 BD,111,Remedy Mismatched
299,5218,10,2014-02-25,Ars : ONE week,30C,,1 TDS,111,Remedy Mismatched
300,5264,3,2013-06-15,Petr? : 300 bal,,,,111,Remedy Mismatched
301,5264,1,2013-03-16,Petr? : 300 bal,,,,111,Remedy Mismatched
302,5264,2,2013-04-20,Petr? : 300 bal,,,,111,Remedy Mismatched
303,5327,1,2013-04-04,Puls : Sos : ps 25 : one week,200C,,1 OD,111,Remedy Mismatched
304,5389,1,2013-04-17,Petr : 2mnths,30C,,1 BD,111,Remedy Mismatched
305,5390,1,2013-04-17,Thuj : 2 mnths,200C,,1 OD,111,Remedy Mismatched
306,5391,1,2013-04-17,Calc : two montha,200C,,1 OD,111,Remedy Mismatched
307,5393,2,2013-06-26,Calc : 2mnths,200C,,1 OD,111,Remedy Mismatched
308,5393,1,2013-04-17,Calc : 2mnths,200C,,1 OD,111,Remedy Mismatched
309,5398,1,2013-04-18,Petr : one month,30C,,1 BD,111,Remedy Mismatched
310,5398,2,2016-10-26,Petr : one month,30C,,1 BD,111,Remedy Mismatched
311,5400,6,2013-08-02,Ars : one week,30C,,1 TDS,111,Remedy Mismatched
312,5425,1,2013-04-23,Calc : two months,200C,,1 OD,111,Remedy Mismatched
313,5449,3,2013-07-11,No medicine,30C,,,111,Remedy Mismatched
314,5449,4,2013-07-31,No medicine,30C,,,111,Remedy Mismatched
315,5497,3,2013-11-17,Calc :  : alt,200C : 30C,,1 OD : 1 BD,111,Remedy Mismatched
316,5497,2,2013-07-20,same,,,,111,Remedy Mismatched
317,5503,1,2013-06-04,Petr? : 600 bal,30C,,1 BD,111,Remedy Mismatched
318,5529,6,2014-05-15,No medicine,,,,111,Remedy Mismatched
319,5547,19,2017-07-11,no medicine,30C,4 Pills,1 BD,0,Remedy Mismatched
320,5559,12,2014-04-03,Petr : sos one week,30C,,1 TDS,111,Remedy Mismatched
321,5573,2,2013-07-07,no med,,,,111,Remedy Mismatched
322,5582,1,2013-06-27,Graph : 2 mnths,200C,,1 OD,111,Remedy Mismatched
323,5619,7,2014-02-15,no medicine,30C,,1 TDS,111,Remedy Mismatched
324,5622,5,2013-11-15,Petr : one week,30C,,1 BD,111,Remedy Mismatched
325,5646,1,2013-07-10,ArSNOMED,30C,,1 BD,111,Remedy Mismatched
326,5690,3,2013-09-05,no med,,,,111,Remedy Mismatched
327,5691,1,2013-07-24,Petr : 150n Ball,30C,,1 BD,111,Remedy Mismatched
328,5697,17,2014-12-16,ears,30C,4 Pills,1 BD,111,Remedy Mismatched
329,5697,18,2015-01-15,ears,30C,4 Pills,1 BD,111,Remedy Mismatched
330,5714,2,2013-08-24,Petr : 2oo bal,30C,,1 BD,111,Remedy Mismatched
331,5714,1,2013-07-27,Petr : 2oo bal,30C,,1 BD,111,Remedy Mismatched
332,5721,2,2013-08-08,No Med,,,,111,Remedy Mismatched
333,5869,7,2015-01-07,Rhus-30 : Calc : 2 and 3,30C : 200C,,1 TDS : 1 OD,111,Remedy Mismatched
334,5869,6,2014-07-23,Rhus-30 : Calc  : 2 and 3,30C : 200C,,1 TDS : 1 OD,111,Remedy Mismatched
335,5869,10,2015-10-27,Rhus-30 : Calc : 2 and 3,30C : 200C,,1 TDS : 1 OD,111,Remedy Mismatched
336,5888,4,2014-07-02,Puls  : Mez for four monthd,200C : 30C,,1 OD : 1 BD,111,Remedy Mismatched
337,5911,4,2014-01-14,Ars : one week,30C,,1 TDS,111,Remedy Mismatched
338,6093,1,2013-11-12,Ars : 200 BAl,30C,,1 BD,111,Remedy Mismatched
339,6109,4,2014-01-22,Petr : Al PS 77,30C,,1 BD,111,Remedy Mismatched
340,6109,5,2014-08-21,Petr : Al PS 77,30C,,1 BD,111,Remedy Mismatched
341,6157,3,2014-04-01,Calc : Petr  : ALT,200C : 30C,,1 OD : 1 BD,111,Remedy Mismatched
342,6167,1,2013-11-23,Calc : Petr : ALT : six months,200C : 30C,,1 OD : 1 BD,111,Remedy Mismatched
343,6209,1,2013-12-06,Calc  alt : Petr,200C : 30C,,1 OD : 1 BD,111,Remedy Mismatched
344,6518,3,2014-05-07,PS 63 : NO MED,,,,111,Remedy Mismatched
345,6518,2,2014-04-02,PS 63 : NO MED,,,,111,Remedy Mismatched
346,6518,1,2014-02-27,PS 63 : NO MED,,,,111,Remedy Mismatched
347,6667,2,2014-05-13,N O T/T,,,,111,Remedy Mismatched
348,6678,3,2014-05-16,Ars 30 1 dram : sos : Garaph,30C : 200C,,1 OD,111,Remedy Mismatched
349,6678,4,2014-07-04,Ars 30 1 dram : sos : Garaph,30C : 200C,,1 OD,111,Remedy Mismatched
350,6810,2,2014-06-28,Petr : 2 months,30C,,1 BD,111,Remedy Mismatched
351,6810,1,2014-04-26,Petr : 2 months,30C,,1 BD,111,Remedy Mismatched
352,6971,1,2014-06-07,Nat-m : two MONTHS,200C,,1 OD,111,Remedy Mismatched
353,7097,3,2014-08-17,Sac-lac : ONE,30C,,1 TDS,111,Remedy Mismatched
354,7187,2,2014-08-19,No medicine,,,,111,Remedy Mismatched
355,7240,1,2014-08-21,Note-s medicine,30C,4 Pills,1 BD,111,Remedy Mismatched
356,7310,12,2016-08-17,Mez : same,30C : 30C,4 Pills : 4 Pills,1 TDS : 1 BD,0,Remedy Mismatched
357,8380,2,2015-03-31,No- medicine,,,,111,Remedy Mismatched
358,11528,6,2017-11-23,no medicine,30C,4 Pills,1 BD,0,Remedy Mismatched
359,12714,4,2017-10-12,no medicine,30C,4 Pills,1 BD,0,Remedy Mismatched
360,12714,5,2017-11-15,no medicine,30C,4 Pills,1 BD,0,Remedy Mismatched
