FLWID,REG_NO,VISITDATE,COMP,REMEDY,REM_TYPE,POTENCY,REPETITION,DOSAGE,DAYS,REM_RESPNSE,HIDE,ALT_REMDY,DIAGN,ALLRG,DRG_DPND,MIASM
883727,1,8/2/2014,"Psoriasis on scalp since 10 months
H/O boils in Scalp
non veg_=
Sebo-psoriasis",Sep,,200C,1 BD,4 Pills,4 Weeks,,0,,,,,
883728,1,9/6/2014,itching++,SL,,30C,1 QDS,4 Pills,4 Weeks,,0,,,,,
824169,3,4/10/2007,Redness on ociput..Ps. on ..H/O two spots but : disappeared..and better afterwards..,S.L.,,200,In Sm,,,,0,,,,,
824170,3,5/21/2008,>++,Thuja,,1m,in sm,,,,0,,,,,
824171,3,2/9/2010,"Petr 30 for a week., : Agg++Two mnths ++",Ars,,30C,1 BD,,,,0,,,,,
824172,3,9/4/2007,>++ now++ Scalp scalining less,Rhus-t,,30,TDS,,,,0,,,,,
824173,3,1/29/2010,">++ itching, : PV",Sac-lac,,30C,1 TDS,,,,0,,,,,
824174,3,6/5/2007,"On knees less..more on left knee., in scalp..", : Nat-m,, : 200, : In Sm,,,,0,,,,,
824157,9,2/8/2008,> on back..itching+,Nux-vom,,30,tds,,,,0,,,,,
824158,9,7/5/2008,"on legs , back",Thuj : Nux-v,,200 : 30,BDS/WEEK : TDS,,,,0,,,,,
824159,9,12/2/2006,"Psoriasis on scalp, Back, Chest, And legs for 2 years. Began on scalp",Thuj : Nux-v,,200 : 30,BDS/WEEK : TDS,,,,0,,,,,
824160,9,6/12/2008,>++ 2 months,Sca-lac,,30,tds,,,,0,,,,,
824161,9,6/9/2008,>+, : Nux-v,, : 30, : TDS,,,,0,,,,,
824162,9,4/7/2009,>++,Lach,,200,in Sm,,,,0,,,,,
824163,9,9/26/2008,>++ back++ : axilla+ right+,Sca-lac,,30,tds,,,,0,,,,,
824164,9,9/26/2008,two months med.,Sca-lac,,30,tds,,,,0,,,,,
824165,9,10/1/2011,four mnths,Thuj : Nux-v,,200C : 30,,,,,0,,,,,
824166,9,3/13/2012,h/o agg : rep,petr,,30C,1 BD,,,,0,,,,,
824167,9,8/17/2012,four months,petr,,30C,1 BD,,,,0,,,,,
824168,9,12/12/2012,three months courier,petr,,30C,1 BD,,,,0,,,,,
895169,9,6/6/2015,"Psoriatic Arthritis
Diabetes+
Thwo Months
TWO  MONTHS",Rhus-t,,30C,1 BD,4 Pills,4 Weeks,,0,,,,,
899615,9,9/5/2015,> first medicine,Thuj : Nux-v,,200 : 30,BDS/WEEK : TDS,,,,0,,,,,
902735,9,11/7/2015,<+,SL,,30C,1 QDS,4 Pills,4 Weeks,,0,,,,,
907046,9,2/6/2016,<+++,Ts- : SL,,220 : 30C,1 TDS : 1 TDS,2 Pills : 4 Pills,4 Weeks,,0,,,,,
930764,9,5/20/2017,>?,Ts- : SL,,220 : 30C,1 TDS : 1 TDS,2 Pills : 4 Pills,4 Weeks,,0,,,,,
931403,9,6/17/2017,>?,Ts- : Mez,,220 : 30C,1 TDS : 1 BD,2 Pills : 4 Pills,4 Weeks,,0,,,,,
932587,9,7/15/2017,>?,Ts- : Mez,,220 : 30C,1 TDS : 1 BD,2 Pills : 4 Pills,4 Weeks,,0,,,,,
824151,11,12/10/2009,scalp++ agg,Sac-la,,30C,1 TDS,,,,0,,,,,
824152,11,8/20/2009,New T/T 20-08-09**** : PSoriasis since 6 years>> :  : on chest++ : H/o behind ears.. : On chest and shoulders++ : H/O Alpathiic T?T : On scalp++ : Now increasing++,Puls,,200,IN SM,,,,0,,,,,
824153,11,10/15/2009,>??,Mez,,30C,1 BD,,,,0,,,,,
824154,11,9/17/2009,itching in evening,Mez,,30C,1 BD,,,,0,,,,,
824155,11,12/11/2009,on abd+ and chest + : on left ear hair line,calc,,200C,1 OD,,,,0,,,,,
824156,11,1/21/2010,scalp++ on chest++,Mez,,30,BDS,,,,0,,,,,
824147,12,2/2/2008,itching++,ars,,30,tds,,,,0,,,,,
824148,12,1/19/2006,"Psoriasis , Lichen Planus, on arms  : Itching < at night.. can not sleep.. : Began one year or so..  : Firsst on back of arms,", : Puls,,200,Once a week in Sm,,,,0,,,,,
824149,12,1/31/2007,Itching+++ agg++,Mez,,30,TDS,,,,0,,,,,
824150,12,1/16/2007,"Itching agg.  : Sleep good.. : Itching on going to sleep.,  : Flatulence++ at stool",Aloe : Carb-v,,200 : 30,Once a week BDS : TDS,,,Prolonged Homoeopathic Aggravation,0,,,,,
824107,13,1/2/2007,Shievering..Agg. > warm covering..,Rhus-t,,30,TDS,,,,0,,,,,
824108,13,6/11/2008,>/?,Rhus-tox,,30,tds,,,,0,,,,,
824109,13,9/9/2008,on elbows and knee and back of hand,Thuj,,200,in SM,,,,0,,,,,
824110,13,1/23/2008,on elbows..urticaria..,Calc : Rt Sos,,200,in sm,,,,0,,,,,
824111,13,8/28/2007,Cough and cold Dry cough,Bry : Sl,,30 : All,SOS : All,,,,0,,,,,
824112,13,12/2/2008,Agg. on knees and back of hands,Sac-lac,,30,TDS,,,,0,,,,,
824113,13,5/8/2007,"Complete relief+++ No scaling, : No flushes of heat",Sac Lac,,All,All,,,,0,,,,,
824114,13,1/2/2007,Psoriasis h/o at the age 10 and not for 13 years.. : h/o on all body..  : more since since 6 months  on thighs first.. : Erythrodermic Ps. Burning > warm++,Calc : ars : Ars,,200 :  : 30,once a week :  : tds,,,,0,,,,,
824115,13,7/4/2007,urticaria=tea H/O Boils..,Rhus-tox,,30,TDS,,,,0,,,,,
824116,13,1/6/2009,On elbows and knees+,Mez,,30,BDS,,,,0,,,,,
824117,13,5/14/2008,"on knees., on elbows, back of hand small",Rhus-tox,,30,tds,,,,0,,,,,
824118,13,12/26/2007,On elbows+ only,Rhus-tox,,30,tds,,,,0,,,,,
824119,13,4/16/2008,>?,Sac-lac,,All,tds,,,,0,,,,,
824120,13,3/3/2009,AGG+++,CALC,,1M,SM,,,,0,,,,,
824121,13,3/9/2008,report,Thuj,,200,in SM,,,,0,,,,,
824122,13,6/8/2008,>+,Thuj,,200,in SM,,,,0,,,,,
824123,13,2/3/2009,AGG>++ LEGS,Mez,,30,BDS,,,,0,,,,,
824124,13,3/13/2007,"Lower limbs scaling++ , Heat flushes.. : Blac discoloration follows..Rest of the body normal..",Nat-m,,200,SM,,,,0,,,,,
824125,13,11/27/2007,>++ on hand small..>++,Rhus-tox,,30,tds,,,,0,,,,,
824126,13,2/22/2008,>++,Calc : Rt Sos,,200,in sm,,,,0,,,,,
824127,13,8/1/2007,>++++,Rhus-tox,,30,TDS,,,,0,,,,,
824128,13,4/11/2008,>++,Thuj,,200,in SM,,,,0,,,,,
824129,13,5/5/2009,>++,CALC,,1M,SM,,,,0,,,,,
824130,13,10/1/2008,>+ on knees,Thuj,,200,in SM,,,,0,,,,,
824131,13,9/26/2007,on elbows slight..no cough..,Nat.M,,200,in sm,,,,0,,,,,
824132,13,3/31/2009,>++,CALC,,1M,SM,,,,0,,,,,
824133,13,10/24/2007,>++ on abd >++on elbows,Sac-lac,,All,,,,,0,,,,,
824134,13,10/24/2007,> on abd++ on elbows..bitter vomiting..,Sac-lac,,ALl,In SM,,,,0,,,,,
824135,13,3/19/2008,on elbows..and knees on back of hand slight++\no urticaria,Nat-m,,1m,in sm,,,,0,,,,,
824136,13,3/12/2013,>??,CALC,,200,SM,,,,0,,,,,
824137,13,4/9/2013,>?,CALC,,200,SM,,,,0,,,,,
824138,13,6/4/2013,>?,CALC,,200,SM,,,,0,,,,,
824139,13,9/3/2013,>?,sac-lac,,30C,1 BD,,,,0,,,,,
824140,13,7/2/2013,>++,sac-lac,,30C,1 BD,,,,0,,,,,
824141,13,7/30/2013,>++,sac-lac,,30C,1 BD,,,,0,,,,,
824142,13,10/22/2013,?,sac-lac,,30C,1 BD,,,,0,,,,,
824143,13,12/4/2013,on elbows and knees,Petr,,30C,1 BD,,,,0,,,,,
824144,13,1/28/2014,>?,Petr,,30C,1 BD,,,,0,,,,,
824145,13,3/5/2014,>+,Petr,,30C,1 BD,,,,0,,,,,
824146,13,4/16/2014,>+,Petr,,30C,1 BD,,,,0,,,,,
824106,14,12/20/2006,Eruption on back since two years.. red pimples.. on shoulders..,Phos : Berb-a,,200 : 30,Bds Once wk : TDS,,,,0,,,,,
824292,16,12/30/2006,Psoriasis since age 9 t0 10 : T/T/ : < winter..,phos : Phos,,200,one dose,,,,0,,,,,
824291,17,1/2/2007,Began psoriasis from 7-6-2006.. : Scalp psoriasisi.. : Groins and axilla.. : Itching agg. evening++ : Burning++  heat in scalp++ : > cutting hair++,Merc,,200,once a week,,,,0,,,,,
824262,18,10/15/2013,rep paid all,petr,,30C,1 BD,,,,0,,,,,
824263,18,2/16/2010,>+++ : scalp : small two on chest+,calc,,1M,1 OD,,,,0,,,,,
824264,18,1/11/2007,Psoriasis since a year. Began on legs. Small spots.. : Now on small pin head spots on back and abdomen and hands. : Head++,Phos,,200,bds once a week,,,,0,,,,,
824265,18,4/26/2008,H/O Chickenpox..,Ant-t,,30,TDS,,,,0,,,,,
824266,18,2/23/2008,scapl++ agg.++,Ars,,30,tds,,,,0,,,,,
824267,18,10/9/2009,rep,calc,,1M,1 OD,,,,0,,,,,
824268,18,10/25/2008,>+++,Sac-lac,,30,tds,,,,0,,,,,
824269,18,1/26/2008,>++  some new..,Calc,,200,in sm,,,,0,,,,,
824270,18,9/5/2007,>++++++ some new on leg++,Calc,,200,in SM,,,,0,,,,,
824271,18,5/19/2007,">+++ ., Itching++=",Calc,,200,TDS,,,,0,,,,,
824272,18,4/25/2009,>+++ : salp only,calc,,1M,1 OD,,,,0,,,,,
824273,18,3/11/2009,rep,Sac-lac,,30,tds,,,,0,,,,,
824274,18,1/27/2007,Agg. New spots. Iching++t,Ars,,30,TDS,,,,0,,,,,
824275,18,7/3/2008,cured++ on leg++,ANt-t,,30,tds,,,,0,,,,,
824276,18,3/31/2007,H/O Calc. in WSm.,Calc,,200,TDS,,,,0,,,,,
824277,18,5/19/2010,rep  1k,calc,,1M,1 OD,,,,0,,,,,
824278,18,7/7/2010,rep 2k,calc,,1M,1 OD,,,,0,,,,,
824279,18,11/10/2010,rep1k,calc,,1M,1 OD,,,,0,,,,,
824280,18,12/28/2010,slight+ : irregular,calc,,1M,1 OD,,,,0,,,,,
824281,18,3/10/2011,>+,sac-lac,,200,bds once a week,,,,0,,,,,
824282,18,6/8/2011,rep 1k,sac-lac,,200,bds once a week,,,,0,,,,,
824283,18,9/28/2011,rep2k,sac-lac,,200,bds once a week,,,,0,,,,,
824284,18,1/12/2012,"PV,,scalp only",Petr,,30C,1 BD,,,,0,,,,,
824285,18,3/20/2012,rep,Petr,,30C,1 BD,,,,0,,,,,
824286,18,6/1/2012,np. : scalp+,petr,,30C,1 BD,,,,0,,,,,
824287,18,3/5/2013,rep 3K,petr,,30C,1 BD,,,,0,,,,,
824288,18,1/31/2013,rep 1.2k,petr,,30C,1 BD,,,,0,,,,,
824289,18,3/12/2014,rep cour <,petr,,30C,1 BD,,,,0,,,,,
824290,18,4/30/2014,rep,petr,,30C,1 BD,,,,0,,,,,
896787,18,7/14/2015,rep gap,petr,,30C,1 BD,,,,0,,,,,
824261,19,1/24/2007,Psoriasis..all over body.. : more since 7-8 years.. : Er : Guttate psoriais : throdermic..PS :  :  :  :  :  :  :  :  : Burning++ Weakness.. Itching less.. Pain in and burning  in kneees.. stiffness joints.. standing+++,Ars-i,,30,tds,,,,0,,,,,
824260,20,2/21/2007,Psoriasis on arms..fore-arms..fur-furaceous.. : since a month.. : H/O night duties..loss of sleep..duing a course(studies) day time.. : BME..,ARS,,30,TDS,,,,0,,,,,
824247,21,2/14/2007,Psoriasis palms..Back of hand for 2 yrs : On ankles,Petr,,30,TDS,,,,0,,,,,
824248,21,9/4/2009,>+ digestion,Petr,,30,TDS,,,,0,,,,,
824249,21,3/14/2007,Amel. On legs and pallms < on back of hand..,Sulph,,200,in sm,,,,0,,,,,
824250,21,4/11/2007,"App.Wanting++, weakness, distension..gases++",carbo-veg,,30,TDS,,,,0,,,,,
824251,21,8/4/2009,Distension++ : heaviness++,Nux-V,,30,1 TDS,,,,0,,,,,
824252,21,7/7/2009,"Acidity.,distension++",Nat-m,,200,in Sm,,,,0,,,,,
824253,21,1/9/2014,h/o amel,Petr,,30,1 BD,,,,0,,,,,
824254,21,2/6/2014,itching in groins+,Petr,,30,1 BD,,,,0,,,,,
824255,21,3/6/2014,< back of hands,Calc,,200C,1 OD,,,,0,,,,,
824256,21,4/3/2014,>?,Calc,,200C,1 OD,,,,0,,,,,
824257,21,5/1/2014,>?,Calc,,200C,1 OD,,,,0,,,,,
824258,21,7/24/2014,< back of hands++  : Gases++,Lyc,,200C,1 OD,,,,0,,,,,
824259,21,6/26/2014,NO Appetite++ : gas++,Carb-v,,30C,1 BD,,,,0,,,,,
884546,21,9/25/2014,>+++,Lyc,,200C,1 OD,2 Powders,4 Days,,0,,,,,
887638,21,10/12/2014,Back of hands,SL,,,1 TDS,,,,0,,,,,
895923,21,6/23/2015,<+ since  2months,Lyc,,200C,1 OD,2 Powders,4 Days,,0,,,,,
897120,21,7/21/2015,itching acidity. distension of abdomen,Carb-v,,30C,1 BD,4 Pills,4 Weeks,,0,,,,,
898566,21,8/18/2015,>++,Carb-v,,30C,1 BD,4 Pills,4 Weeks,,0,,,,,
824241,23,4/15/2007,>on plams  and soles..,Petr,,30,TDS,,,,0,,,,,
824242,23,2/14/2007,"Planter Psoriasis T/T Inamdar,Khadiwwale, and Allopathic.. : On palms, On Scrottum.  : h/o Ankles 2.5 yrs.",Calc : Ars,,200 : 30,In Sm : tds,,,,0,,,,,
824243,23,5/30/2007,> all on palms soles..elbow.,Petr,,30,TDS,,,,0,,,,,
824244,23,7/17/2007,>+++,Calc : Ars,,200 : 30,In SM : TDS,,,,0,,,,,
824245,23,3/16/2007,on palms >,petr,,30,tds,,,,0,,,,,
824246,23,8/22/2007,> followed by agg.,Sac-lac,,All,,,,,0,,,,,
824240,25,2/15/2007,Eruption black on legs..rash on all over body.. Psoriasis.. : Lichenification.. : since seven month..  h/o boil.. : Dandruff,Calc,,200,in sm once a week,,,,0,,,,,
824228,27,4/20/2007,Slow recovery,mez,,30,TDS,,,,0,,,,,
824229,27,3/20/2007,Agg.++ Motions normal now..,Nux-vom,,30,TDS,,,,0,,,,,
824230,27,11/12/2007,Report on phone, : sac-lac,,30,ALll,,,,0,,,,,
824231,27,5/17/2007,"< on legs++ > behind ears ??,  : On abd.++ On arm++",Ars,,30,TDS,,,,0,,,,,
824232,27,10/5/2007,>++,ars,,30,TDS,,,,0,,,,,
824233,27,2/20/2007,"Psoriasis behind ear right, on legs small discrete ,  : for a month",calc,,200,in sm,,,,0,,,,,
824234,27,8/2/2007,"Agg.On legs++ > behind ear, on abd,  : on lower back, : exfoliation of skin of palms..",Nat.M,,200,In Sm,,,,0,,,,,
824235,27,7/5/2007,">++ On palms++.,",Ars 30++,,TDS,,,,,0,,,,,
824236,27,1/29/2008,>++,mez,,30,TDS,,,,0,,,,,
824237,27,9/28/2011,corier three mnths,mez,,30,TDS,,,,0,,,,,
824238,27,11/10/2011,>+,mez,,30,TDS,,,,0,,,,,
824239,27,1/18/2012,<++,Sulph,,200C,1 OD,,,,0,,,,,
824225,29,2/27/2007,Eruption  on right wrist.. : black-Brown discoloration.. : 4 months..,sep,,200,in sm,,,,0,,,,,
824226,29,5/9/2007,>+++ Black discoloration,Sac-Lac,,All,All,,,,0,,,,,
824227,29,3/29/2007,>+++,Dulc,,30,TDS,,,,0,,,,,
824205,30,2/19/2009,scalp++ : >++ else : eyelids,carbo-veg,,30,BDS,,,,0,,,,,
824206,30,5/26/2007,"H/O amel on scalp..now  some new.. : on knees., on elbow..on thigh..",Sulph,,200,SM,,,,0,,,,,
824207,30,6/8/2008,scalp++ else less,mez,,30,tds,,,,0,,,,,
824208,30,4/21/2009,>++ on knee  : some new on left lrg 3-4,sac : Sac-alb,,30C,1 TDS,,,,0,,,,,
824209,30,2/10/2008,some new??,Sulph,,200,in sm,,,,0,,,,,
824210,30,9/5/2008,>++,mez,,30,tds,,,,0,,,,,
824211,30,2/27/2007,Psoriasis all body 3 years ago.. Hom.T/T.. : On scalp++on knee++ : now on scalp.. on left knee one spot.. : Agg.  Cold weather,phos,,200,In SM,,,,0,,,,,
824212,30,1/28/2009,on  scalp+ forehead+  : on le : left knee+,lyc,,200C,1 OD,,,,0,,,,,
824213,30,12/18/2007,Says Agg. ??? : On right leg new spot.,Calc,,200,IN Sm,,,,0,,,,,
824214,30,5/24/2008,>+++,Mez,,30,tds,,,,0,,,,,
824215,30,10/17/2008,>+++,mez,,30,tds,,,,0,,,,,
824216,30,3/24/2009,some >++ some new,Iris,,30,BDS,,,,0,,,,,
824217,30,4/8/2008,Forhead+ Agg++ : scaling less,Mez,,30,tds,,,,0,,,,,
824218,30,10/2/2007,some new spots on body..chest.. : beow eyes,Sac-Lac,,All,,,,,0,,,,,
824219,30,1/15/2008,>++,Calc,,200,IN Sm,,,,0,,,,,
824220,30,9/4/2007,>++++ hair growing++,Sulph,,200,SM,,,,0,,,,,
824221,30,12/31/2008,>++,mez,,30,tds,,,,0,,,,,
824222,30,7/4/2007,"Amel on knee., Hair growth..++",Sulph,,200,SM,,,,0,,,,,
824223,30,7/8/2008,>++,Sac-Lac,,All,,,,,0,,,,,
824224,30,3/13/2008,h/o Sulph 1M. on 7-2-08 : Agg.++,Mez,,30,tds,,,,0,,,,,
824175,31,4/3/2010,>++,calc : nv.30,,200 : 30,in sm : tds,,,,0,,,,,
824176,31,10/14/2008,>+++,calc : nv.30,,200 : 30,in sm : tds,,,,0,,,,,
824177,31,4/24/2008,>++ itching head but no scales++  : personal visit+,calc : nv.30,,200 : 30,in sm : tds,,,,0,,,,,
824178,31,10/26/2007,>+++,Nux Vom,,30,TDS,,,,0,,,,,
824179,31,1/23/2008,>+++,calc : nv.30,,200 : 30,in sm : tds,,,,0,,,,,
824180,31,8/22/2007,>++++++,Nux Vom,,30,TDS,,,,0,,,,,
824181,31,2/17/2009,Scalp+,Nux-v,,30C,1 TDS,,,,0,,,,,
824182,31,2/13/2008,>++,calc : nv.30,,200 : 30,in sm : tds,,,,0,,,,,
824183,31,7/4/2007,>++++++++++++++,Nux Vom,,30,TDS,,,,0,,,,,
824184,31,3/18/2008,>++,calc : nv.30,,200 : 30,in sm : tds,,,,0,,,,,
824185,31,11/29/2007,>++,calc : nv.30,,200 : 30,in sm : tds,,,,0,,,,,
824186,31,2/28/2007,"Psoriasis since 6-7 months.. : On legs..on arms, on scalp.. : Began behind ear.. : followed by on back.. : T/T  Ambalkar... for four months.. :  :  : Heart vavlular problem..PTMC surgery : Electrical Engineer..",calc : nv,,200 : 30,insm : tds,,,,0,,,,,
824187,31,5/22/2008,>++,calc : nv.30,,200 : 30,in sm : tds,,,,0,,,,,
824188,31,12/5/2007,Amel. on elbow+  : personal visit..,calc : nv.30,,200 : 30,in sm : tds,,,,0,,,,,
824189,31,3/28/2007,"Medicine Began on 1-3-07..> behind ears.. : on legs++., on ..agg.on scalp.. : First agg for 10 days and followed by amel.++",Nux.-Vom,,30,TDS,,,,0,,,,,
824190,31,8/20/2008,>++,calc : nv.30,,200 : 30,in sm : tds,,,,0,,,,,
824191,31,7/1/2009,rep,calc : nv.30,,200 : 30,in sm : tds,,,,0,,,,,
824192,31,5/8/2007,"Much Much Relief++, Not behind ears, Not in  : head++",Nux Vom,,30,TDS,,,,0,,,,,
824193,31,11/18/2008,report,calc : nv.30,,200 : 30,in sm : tds,,,,0,,,,,
824194,31,7/9/2011,scalp since a mont : all is well : Pain rt elbow,calc : nv.30,,200 : 30,in sm : tds,,,,0,,,,,
824195,31,8/30/2011,rep,calc : nv.30,,200 : 30,in sm : tds,,,,0,,,,,
824196,31,10/19/2011,rep,calc : nv.30,,200 : 30,in sm : tds,,,,0,,,,,
824197,31,2/15/2012,rep,calc : nv.30,,200 : 30,in sm : tds,,,,0,,,,,
824198,31,8/16/2012,rep,calc : nv.30,,200 : 30,in sm : tds,,,,0,,,,,
824199,31,9/27/2012,rep,calc : nv,,200 : 30,insm : tds,,,,0,,,,,
824200,31,2/11/2013,rep,calc : nv,,200 : 30,insm : tds,,,,0,,,,,
824201,31,2/26/2013,rep,calc : nv,,200 : 30,insm : tds,,,,0,,,,,
